contig-3479000000,3
contig-4069000000,0
contig-2176000000,3
contig-1467000000,0
contig-4167000000,3
contig-1125000000,3
contig-4227000000,2
contig-3104000000,0
contig-3963000000,0
contig-3713000000,3
contig-1967000000,3
contig-4224000000,0
contig-4360000000,3
contig-309000000,0
contig-1961000000,0
contig-4520000000,3
contig-709000000,0
contig-2210000000,0
contig-2505000000,3
contig-4559000000,1
contig-774000000,0
contig-3168000000,0
contig-1945000000,0
contig-3008000000,0
contig-3860000000,3
contig-765000000,0
contig-4372000000,3
contig-4451000000,0
contig-4032000000,3
contig-4323000000,3
contig-4890000000,3
contig-2061000000,3
contig-4445000000,3
contig-4592000000,0
contig-1459000000,0
contig-332000000,0
contig-1043000000,0
contig-2635000000,3
contig-3749000000,0
contig-1237000000,0
contig-850000000,3
contig-2515000000,0
contig-1809000000,0
contig-2200000000,0
contig-3573000000,2
contig-2418000000,0
contig-3814000000,3
contig-4484000000,3
contig-1631000000,0
contig-4799000000,3
contig-3124000000,3
contig-1285000000,0
contig-1602000000,0
contig-3661000000,3
contig-3185000000,0
contig-1367000000,0
contig-3988000000,3
contig-3968000000,3
contig-4450000000,3
contig-3780000000,3
contig-3779000000,0
contig-1378000000,0
contig-2452000000,0
contig-3542000000,3
contig-3243000000,3
contig-2139000000,0
contig-1372000000,0
contig-2642000000,3
contig-2612000000,0
contig-167000000,1
contig-2110000000,0
contig-1851000000,3
contig-4547000000,0
contig-315000000,2
contig-4089000000,3
contig-2899000000,0
contig-2219000000,0
contig-4805000000,3
contig-1212000000,0
contig-4001000000,0
contig-2656000000,3
contig-4062000000,0
contig-4702000000,3
contig-4814000000,3
contig-2060000000,3
contig-4324000000,3
contig-3524000000,0
contig-3370000000,0
contig-1667000000,3
contig-3097000000,3
contig-687000000,0
contig-2109000000,0
contig-2175000000,3
contig-4368000000,3
contig-1319000000,3
contig-305000000,0
contig-2084000000,0
contig-1686000000,0
contig-4513000000,3
contig-242000000,3
contig-4211000000,0
contig-2025000000,3
contig-4458000000,3
contig-4397000000,3
contig-325000000,0
contig-2726000000,0
contig-985000000,0
contig-1483000000,0
contig-1006000000,0
contig-1880000000,0
contig-1353000000,0
contig-2609000000,0
contig-1722000000,0
contig-1904000000,0
contig-1310000000,0
contig-569000000,0
contig-3688000000,0
contig-1564000000,0
contig-9000000,2
contig-607000000,0
contig-373000000,0
contig-2657000000,3
contig-4667000000,3
contig-2040000000,0
contig-2375000000,3
contig-375000000,3
contig-4599000000,3
contig-3764000000,3
contig-324000000,0
contig-1801000000,3
contig-2973000000,2
contig-4653000000,3
contig-4678000000,3
contig-3408000000,3
contig-351000000,3
contig-286000000,0
contig-1217000000,3
contig-2244000000,3
contig-837000000,0
contig-2508000000,3
contig-17000000,2
contig-3850000000,2
contig-4310000000,3
contig-3980000000,0
contig-406000000,0
contig-688000000,0
contig-236000000,0
contig-4666000000,3
contig-2936000000,0
contig-4804000000,3
contig-1331000000,0
contig-3222000000,3
contig-2727000000,0
contig-4480000000,3
contig-3530000000,0
contig-2389000000,0
contig-2758000000,0
contig-0,2
contig-4422000000,3
contig-540000000,0
contig-3805000000,0
contig-583000000,0
contig-1211000000,0
contig-1195000000,3
contig-258000000,0
contig-41000000,1
contig-2377000000,3
contig-1909000000,0
contig-3979000000,3
contig-2728000000,0
contig-2986000000,3
contig-3551000000,3
contig-4026000000,3
contig-3513000000,3
contig-566000000,3
contig-2988000000,3
contig-906000000,0
contig-2335000000,0
contig-848000000,0
contig-1143000000,0
contig-1475000000,0
contig-4596000000,3
contig-2278000000,0
contig-2799000000,0
contig-1703000000,0
contig-2606000000,0
contig-1280000000,0
contig-1223000000,3
contig-4771000000,3
contig-2000000000,3
contig-4633000000,3
contig-1416000000,0
contig-254000000,3
contig-4598000000,0
contig-3824000000,0
contig-3525000000,3
contig-2875000000,3
contig-2703000000,3
contig-1062000000,0
contig-252000000,0
contig-4008000000,0
contig-1488000000,0
contig-2792000000,0
contig-1944000000,0
contig-3320000000,0
contig-2890000000,0
contig-4297000000,3
contig-2789000000,3
contig-2014000000,0
contig-272000000,0
contig-4206000000,3
contig-1334000000,3
contig-3649000000,3
contig-3741000000,0
contig-1664000000,0
contig-1638000000,0
contig-4207000000,0
contig-4465000000,3
contig-4157000000,3
contig-3973000000,3
contig-3390000000,3
contig-1387000000,3
contig-4011000000,3
contig-387000000,1
contig-2029000000,0
contig-1094000000,0
contig-358000000,0
contig-771000000,3
contig-2782000000,3
contig-2334000000,0
contig-907000000,0
contig-2316000000,0
contig-840000000,0
contig-3635000000,3
contig-3270000000,0
contig-978000000,0
contig-1429000000,0
contig-2853000000,0
contig-3621000000,3
contig-1452000000,0
contig-190000000,0
contig-1332000000,0
contig-4862000000,3
contig-1107000000,0
contig-135000000,1
contig-2997000000,0
contig-2943000000,0
contig-2358000000,0
contig-469000000,0
contig-111000000,0
contig-908000000,3
contig-63000000,2
contig-3242000000,3
contig-4504000000,0
contig-4462000000,3
contig-4685000000,3
contig-463000000,0
contig-8000000,1
contig-3506000000,3
contig-4760000000,3
contig-3861000000,3
contig-259000000,3
contig-1487000000,0
contig-1594000000,0
contig-1990000000,0
contig-4920000000,1
contig-1782000000,3
contig-1900000000,0
contig-3930000000,3
contig-1630000000,3
contig-3619000000,0
contig-2743000000,3
contig-2852000000,0
contig-4156000000,0
contig-1068000000,3
contig-139000000,0
contig-2551000000,3
contig-1028000000,0
contig-179000000,1
contig-3921000000,0
contig-2314000000,0
contig-923000000,0
contig-4715000000,3
contig-3728000000,3
contig-2807000000,0
contig-1687000000,0
contig-3737000000,0
contig-1405000000,3
contig-157000000,1
contig-2458000000,3
contig-3197000000,3
contig-1091000000,0
contig-3704000000,3
contig-4159000000,3
contig-3686000000,3
contig-1769000000,3
contig-3196000000,0
contig-2644000000,0
contig-1729000000,0
contig-2815000000,0
contig-2732000000,3
contig-3116000000,3
contig-3328000000,3
contig-1040000000,0
contig-3984000000,3
contig-402000000,1
contig-3842000000,0
contig-2766000000,3
contig-3883000000,3
contig-505000000,0
contig-1465000000,0
contig-3696000000,3
contig-2351000000,0
contig-300000000,0
contig-1839000000,0
contig-33000000,1
contig-2466000000,0
contig-2837000000,0
contig-62000000,2
contig-2698000000,3
contig-2488000000,0
contig-2972000000,0
contig-3258000000,0
contig-3626000000,3
contig-3849000000,3
contig-4704000000,0
contig-350000000,0
contig-4636000000,3
contig-3108000000,0
contig-1030000000,0
contig-2485000000,0
contig-3834000000,3
contig-3825000000,3
contig-3285000000,0
contig-2103000000,0
contig-2952000000,0
contig-27000000,2
contig-1576000000,0
contig-1298000000,0
contig-3284000000,0
contig-42000000,1
contig-134000000,0
contig-1239000000,0
contig-3160000000,0
contig-107000000,0
contig-1039000000,1
contig-420000000,0
contig-3794000000,0
contig-2822000000,0
contig-963000000,3
contig-4075000000,0
contig-4456000000,1
contig-1437000000,3
contig-3538000000,0
contig-3625000000,0
contig-4309000000,3
contig-2237000000,0
contig-2178000000,3
contig-1196000000,0
contig-2514000000,3
contig-851000000,0
contig-1908000000,3
contig-2058000000,0
contig-508000000,0
contig-4182000000,0
contig-1460000000,3
contig-3630000000,0
contig-1674000000,0
contig-2406000000,0
contig-4494000000,0
contig-1643000000,0
contig-1321000000,0
contig-2173000000,3
contig-3467000000,0
contig-2638000000,3
contig-481000000,0
contig-3907000000,3
contig-946000000,3
contig-2663000000,3
contig-116000000,0
contig-4888000000,3
contig-2167000000,0
contig-2272000000,3
contig-4563000000,3
contig-4900000000,3
contig-2283000000,0
contig-1577000000,0
contig-294000000,3
contig-1290000000,0
contig-3966000000,3
contig-1959000000,0
contig-3372000000,0
contig-878000000,0
contig-934000000,0
contig-1173000000,0
contig-2384000000,0
contig-3996000000,3
contig-2891000000,0
contig-2774000000,3
contig-1148000000,0
contig-1989000000,0
contig-4000000000,3
contig-273000000,0
contig-1153000000,3
contig-4854000000,3
contig-3793000000,3
contig-143000000,0
contig-1597000000,0
contig-4364000000,3
contig-425000000,0
contig-3920000000,3
contig-178000000,3
contig-2396000000,3
contig-2623000000,3
contig-2761000000,0
contig-2640000000,0
contig-4930000000,1
contig-2179000000,1
contig-2422000000,3
contig-2760000000,0
contig-2935000000,3
contig-1199000000,3
contig-79000000,0
contig-3223000000,3
contig-3123000000,0
contig-679000000,3
contig-1408000000,0
contig-1389000000,0
contig-1786000000,0
contig-4050000000,3
contig-322000000,0
contig-4858000000,3
contig-4782000000,3
contig-3386000000,0
contig-1553000000,3
contig-1106000000,0
contig-4569000000,0
contig-1860000000,0
contig-423000000,0
contig-2667000000,3
contig-2560000000,3
contig-2430000000,3
contig-2680000000,3
contig-2999000000,3
contig-3943000000,3
contig-2699000000,1
contig-2531000000,3
contig-4650000000,3
contig-1021000000,3
contig-1126000000,0
contig-4887000000,3
contig-1814000000,0
contig-647000000,0
contig-1736000000,0
contig-2319000000,0
contig-3562000000,3
contig-3109000000,0
contig-1614000000,0
contig-4836000000,3
contig-883000000,3
contig-3367000000,0
contig-184000000,0
contig-3887000000,0
contig-501000000,0
contig-4690000000,3
contig-92000000,0
contig-3761000000,0
contig-1876000000,0
contig-1939000000,0
contig-2416000000,0
contig-4776000000,3
contig-2388000000,3
contig-3266000000,0
contig-2482000000,3
contig-4819000000,3
contig-1413000000,3
contig-3209000000,0
contig-156000000,0
contig-753000000,3
contig-1744000000,3
contig-4366000000,3
contig-1949000000,1
contig-3448000000,3
contig-801000000,0
contig-2250000000,3
contig-1929000000,3
contig-2664000000,3
contig-941000000,0
contig-3442000000,0
contig-2133000000,0
contig-940000000,0
contig-2665000000,2
contig-2052000000,3
contig-4002000000,0
contig-4934000000,1
contig-2553000000,3
contig-716000000,3
contig-4797000000,3
contig-3342000000,0
contig-1029000000,0
contig-3732000000,3
contig-618000000,0
contig-4039000000,3
contig-1121000000,0
contig-3557000000,3
contig-1276000000,3
contig-4725000000,3
contig-4479000000,0
contig-3436000000,0
contig-1281000000,0
contig-1965000000,0
contig-3526000000,3
contig-3429000000,3
contig-2547000000,3
contig-860000000,3
contig-2819000000,0
contig-3272000000,3
contig-2574000000,3
contig-879000000,0
contig-4025000000,3
contig-2621000000,0
contig-1170000000,0
contig-2818000000,0
contig-4701000000,3
contig-2850000000,0
contig-4553000000,3
contig-4271000000,3
contig-3698000000,3
contig-4572000000,0
contig-3463000000,2
contig-4290000000,3
contig-4265000000,3
contig-1536000000,1
contig-4086000000,3
contig-3420000000,0
contig-2894000000,0
contig-1233000000,0
contig-3831000000,3
contig-1916000000,2
contig-2132000000,0
contig-4091000000,3
contig-1016000000,0
contig-1915000000,0
contig-4329000000,3
contig-1544000000,3
contig-1837000000,0
contig-3491000000,0
contig-3569000000,0
contig-1306000000,1
contig-4183000000,3
contig-509000000,0
contig-670000000,3
contig-3091000000,0
contig-4940000000,1
contig-4198000000,2
contig-2112000000,3
contig-2828000000,0
contig-3534000000,0
contig-3347000000,0
contig-105000000,2
contig-1803000000,3
contig-2177000000,0
contig-884000000,0
contig-220000000,0
contig-885000000,3
contig-2550000000,3
contig-3882000000,0
contig-4367000000,3
contig-3638000000,3
contig-2350000000,3
contig-2434000000,3
contig-3403000000,0
contig-327000000,0
contig-3401000000,0
contig-1103000000,0
contig-4544000000,3
contig-829000000,0
contig-1991000000,0
contig-2585000000,0
contig-2116000000,3
contig-4279000000,3
contig-4918000000,1
contig-208000000,0
contig-3508000000,3
contig-1359000000,3
contig-2159000000,3
contig-4269000000,0
contig-3047000000,3
contig-593000000,0
contig-3341000000,3
contig-3117000000,0
contig-4692000000,3
contig-3634000000,3
contig-1646000000,0
contig-2851000000,0
contig-2417000000,0
contig-2443000000,3
contig-1885000000,0
contig-4775000000,3
contig-4579000000,3
contig-1420000000,0
contig-2949000000,0
contig-2873000000,2
contig-2037000000,0
contig-3145000000,0
contig-759000000,0
contig-3566000000,3
contig-4300000000,0
contig-1253000000,0
contig-4341000000,3
contig-660000000,0
contig-1314000000,0
contig-494000000,0
contig-787000000,0
contig-3695000000,3
contig-1207000000,2
contig-1954000000,0
contig-682000000,3
contig-1777000000,0
contig-371000000,0
contig-2193000000,0
contig-3942000000,1
contig-4336000000,3
contig-2051000000,0
contig-3404000000,0
contig-2214000000,0
contig-1946000000,0
contig-1213000000,0
contig-1531000000,0
contig-4637000000,3
contig-367000000,0
contig-1052000000,0
contig-1530000000,0
contig-3090000000,3
contig-4876000000,3
contig-3227000000,0
contig-1037000000,0
contig-2273000000,0
contig-3149000000,0
contig-73000000,3
contig-4567000000,3
contig-3016000000,3
contig-4720000000,3
contig-4911000000,1
contig-4783000000,3
contig-2685000000,3
contig-2196000000,3
contig-4811000000,3
contig-2839000000,0
contig-3651000000,0
contig-380000000,3
contig-2370000000,0
contig-731000000,0
contig-4526000000,3
contig-752000000,0
contig-3102000000,2
contig-4266000000,3
contig-3402000000,3
contig-2679000000,0
contig-3677000000,3
contig-606000000,0
contig-3712000000,3
contig-2186000000,3
contig-4293000000,3
contig-3758000000,3
contig-1818000000,0
contig-568000000,0
contig-4482000000,0
contig-3747000000,3
contig-1819000000,1
contig-772000000,0
contig-3354000000,3
contig-2752000000,3
contig-2339000000,3
contig-1534000000,0
contig-4560000000,0
contig-3527000000,3
contig-4051000000,3
contig-4245000000,3
contig-1370000000,0
contig-2247000000,0
contig-4082000000,3
contig-1707000000,0
contig-2164000000,0
contig-3715000000,3
contig-1342000000,3
contig-1066000000,0
contig-3788000000,3
contig-545000000,0
contig-4901000000,1
contig-3396000000,0
contig-524000000,2
contig-3464000000,0
contig-1770000000,0
contig-4672000000,3
contig-2867000000,3
contig-398000000,0
contig-4255000000,0
contig-4556000000,3
contig-4274000000,3
contig-2018000000,0
contig-3660000000,0
contig-1660000000,0
contig-1685000000,0
contig-1330000000,0
contig-1254000000,0
contig-3059000000,3
contig-2012000000,0
contig-4856000000,3
contig-1763000000,3
contig-1135000000,0
contig-1255000000,3
contig-3590000000,3
contig-1154000000,3
contig-2156000000,3
contig-1383000000,3
contig-3939000000,3
contig-161000000,0
contig-391000000,0
contig-3135000000,3
contig-1382000000,3
contig-2161000000,0
contig-865000000,0
contig-2542000000,3
contig-531000000,0
contig-2650000000,0
contig-775000000,0
contig-2884000000,3
contig-4223000000,3
contig-244000000,3
contig-3578000000,0
contig-1886000000,0
contig-340000000,3
contig-3937000000,0
contig-650000000,0
contig-671000000,3
contig-2066000000,0
contig-1388000000,0
contig-4099000000,0
contig-3015000000,3
contig-2716000000,3
contig-899000000,0
contig-2079000000,0
contig-1397000000,0
contig-1262000000,0
contig-1657000000,3
contig-1977000000,0
contig-3265000000,0
contig-352000000,0
contig-4927000000,1
contig-3787000000,3
contig-2668000000,3
contig-1976000000,3
contig-303000000,0
contig-444000000,3
contig-2615000000,0
contig-2771000000,0
contig-2671000000,0
contig-972000000,0
contig-715000000,0
contig-2409000000,0
contig-2033000000,0
contig-3369000000,3
contig-31000000,1
contig-2530000000,3
contig-983000000,0
contig-1400000000,0
contig-2985000000,3
contig-4345000000,3
contig-640000000,3
contig-1762000000,3
contig-1442000000,0
contig-3167000000,3
contig-1733000000,3
contig-1163000000,3
contig-1918000000,0
contig-408000000,0
contig-3161000000,1
contig-2759000000,0
contig-2976000000,3
contig-4470000000,0
contig-599000000,3
contig-3813000000,3
contig-1624000000,3
contig-1034000000,0
contig-3130000000,3
contig-4476000000,3
contig-4380000000,3
contig-1095000000,0
contig-1377000000,3
contig-4092000000,3
contig-4905000000,1
contig-2856000000,0
contig-129000000,0
contig-4738000000,3
contig-1376000000,3
contig-1607000000,0
contig-4078000000,3
contig-1856000000,3
contig-1232000000,0
contig-1044000000,0
contig-564000000,3
contig-4923000000,1
contig-4626000000,0
contig-757000000,0
contig-2101000000,0
contig-1355000000,0
contig-1628000000,0
contig-304000000,0
contig-103000000,0
contig-556000000,0
contig-205000000,3
contig-3539000000,0
contig-2721000000,0
contig-3136000000,0
contig-2327000000,3
contig-936000000,0
contig-3151000000,3
contig-4554000000,3
contig-603000000,0
contig-39000000,1
contig-3190000000,0
contig-1692000000,0
contig-1067000000,0
contig-271000000,0
contig-389000000,0
contig-4140000000,0
contig-2487000000,0
contig-891000000,0
contig-636000000,3
contig-1123000000,0
contig-2756000000,3
contig-3632000000,3
contig-3158000000,3
contig-1203000000,0
contig-4208000000,3
contig-3981000000,0
contig-4333000000,3
contig-1421000000,1
contig-1606000000,3
contig-4730000000,3
contig-3224000000,3
contig-4724000000,3
contig-4624000000,3
contig-1580000000,3
contig-3676000000,3
contig-2305000000,0
contig-979000000,3
contig-2445000000,0
contig-2895000000,0
contig-4831000000,3
contig-168000000,3
contig-2532000000,0
contig-4608000000,3
contig-2382000000,3
contig-1157000000,0
contig-3261000000,0
contig-2054000000,0
contig-4036000000,3
contig-1464000000,0
contig-1218000000,0
contig-2096000000,0
contig-3063000000,3
contig-2825000000,3
contig-3656000000,0
contig-3297000000,2
contig-3896000000,3
contig-4845000000,3
contig-1219000000,0
contig-4117000000,3
contig-2916000000,0
contig-3460000000,3
contig-1481000000,0
contig-1315000000,3
contig-1109000000,0
contig-461000000,0
contig-3122000000,2
contig-3200000000,0
contig-4090000000,3
contig-674000000,0
contig-590000000,0
contig-381000000,0
contig-4590000000,3
contig-493000000,0
contig-4432000000,0
contig-3483000000,3
contig-4694000000,3
contig-289000000,0
contig-431000000,3
contig-2349000000,3
contig-918000000,0
contig-1193000000,0
contig-4673000000,3
contig-928000000,3
contig-2332000000,3
contig-901000000,0
contig-1102000000,0
contig-1846000000,3
contig-1249000000,0
contig-4093000000,0
contig-2570000000,3
contig-1119000000,0
contig-4584000000,0
contig-2449000000,0
contig-4459000000,3
contig-1162000000,3
contig-421000000,0
contig-154000000,1
contig-298000000,0
contig-563000000,0
contig-2157000000,0
contig-4693000000,3
contig-189000000,0
contig-588000000,3
contig-562000000,0
contig-2843000000,3
contig-803000000,0
contig-2252000000,3
contig-221000000,1
contig-3819000000,3
contig-2675000000,3
contig-976000000,0
contig-2931000000,0
contig-2468000000,0
contig-1099000000,3
contig-3235000000,3
contig-32000000,1
contig-3199000000,0
contig-4250000000,0
contig-549000000,0
contig-4793000000,3
contig-2788000000,3
contig-4601000000,3
contig-4899000000,0
contig-1792000000,3
contig-3326000000,0
contig-2810000000,0
contig-2536000000,3
contig-1623000000,0
contig-4150000000,3
contig-2715000000,0
contig-2354000000,0
contig-4200000000,3
contig-4378000000,0
contig-1403000000,3
contig-3026000000,0
contig-573000000,0
contig-4828000000,3
contig-4610000000,0
contig-266000000,0
contig-4889000000,3
contig-1629000000,0
contig-3600000000,3
contig-267000000,3
contig-4048000000,3
contig-3731000000,0
contig-473000000,1
contig-3219000000,3
contig-769000000,0
contig-4034000000,3
contig-2383000000,0
contig-2993000000,3
contig-94000000,1
contig-1706000000,0
contig-4621000000,3
contig-1546000000,3
contig-4142000000,3
contig-64000000,3
contig-954000000,0
contig-3363000000,3
contig-1392000000,0
contig-57000000,1
contig-3994000000,3
contig-3216000000,0
contig-3997000000,0
contig-98000000,0
contig-249000000,2
contig-3871000000,0
contig-4864000000,3
contig-3259000000,3
contig-3812000000,0
contig-598000000,3
contig-4721000000,3
contig-2777000000,0
contig-847000000,3
contig-2564000000,3
contig-3466000000,3
contig-4261000000,0
contig-2221000000,3
contig-4181000000,3
contig-3115000000,3
contig-466000000,0
contig-4619000000,3
contig-3832000000,3
contig-3705000000,3
contig-467000000,1
contig-1241000000,0
contig-162000000,0
contig-895000000,0
contig-4203000000,0
contig-1468000000,3
contig-2599000000,0
contig-4902000000,1
contig-3673000000,3
contig-1932000000,0
contig-3166000000,0
contig-2968000000,0
contig-3982000000,3
contig-404000000,0
contig-3736000000,0
contig-761000000,0
contig-2367000000,0
contig-2357000000,3
contig-1184000000,0
contig-4502000000,3
contig-827000000,3
contig-935000000,0
contig-1509000000,0
contig-76000000,0
contig-3191000000,3
contig-4644000000,3
contig-1831000000,3
contig-95000000,1
contig-951000000,0
contig-125000000,1
contig-1174000000,0
contig-3754000000,0
contig-3213000000,3
contig-124000000,1
contig-2654000000,3
contig-2965000000,0
contig-4809000000,3
contig-3844000000,3
contig-796000000,0
contig-980000000,2
contig-725000000,0
contig-4423000000,0
contig-3426000000,3
contig-1447000000,3
contig-638000000,0
contig-4676000000,3
contig-3424000000,3
contig-4611000000,3
contig-2318000000,3
contig-1661000000,0
contig-2830000000,3
contig-1933000000,3
contig-2038000000,0
contig-3495000000,3
contig-1568000000,0
contig-1983000000,0
contig-148000000,1
contig-3910000000,3
contig-3931000000,3
contig-169000000,0
contig-13000000,2
contig-957000000,0
contig-631000000,0
contig-1205000000,0
contig-2461000000,2
contig-2361000000,0
contig-4545000000,0
contig-2199000000,0
contig-3381000000,0
contig-3940000000,3
contig-118000000,2
contig-4168000000,3
contig-280000000,0
contig-4019000000,3
contig-497000000,0
contig-4304000000,0
contig-3582000000,0
contig-2169000000,3
contig-4825000000,3
contig-2584000000,3
contig-1506000000,0
contig-3071000000,3
contig-4260000000,0
contig-2424000000,0
contig-4885000000,3
contig-2182000000,0
contig-1893000000,0
contig-3710000000,3
contig-4496000000,3
contig-3225000000,3
contig-4808000000,3
contig-2813000000,0
contig-664000000,0
contig-2274000000,1
contig-4855000000,3
contig-2346000000,3
contig-3697000000,3
contig-1938000000,0
contig-518000000,0
contig-4107000000,3
contig-1952000000,0
contig-4097000000,3
contig-3298000000,0
contig-4418000000,3
contig-4439000000,0
contig-4491000000,3
contig-54000000,1
contig-457000000,0
contig-16000000,1
contig-2480000000,0
contig-2479000000,0
contig-1830000000,0
contig-10000000,1
contig-1524000000,3
contig-3817000000,3
contig-3037000000,3
contig-288000000,3
contig-3550000000,0
contig-490000000,3
contig-4745000000,3
contig-2287000000,0
contig-4056000000,0
contig-3472000000,3
contig-1999000000,0
contig-833000000,0
contig-3028000000,3
contig-1415000000,0
contig-1958000000,0
contig-2259000000,1
contig-808000000,3
contig-756000000,0
contig-1340000000,0
contig-1297000000,0
contig-737000000,0
contig-813000000,1
contig-4511000000,2
contig-2471000000,3
contig-4726000000,3
contig-2605000000,3
contig-3692000000,3
contig-4709000000,3
contig-1574000000,0
contig-3400000000,0
contig-3304000000,3
contig-2371000000,3
contig-4655000000,3
contig-4708000000,3
contig-3053000000,0
contig-3645000000,3
contig-3305000000,0
contig-1662000000,0
contig-3976000000,0
contig-1245000000,3
contig-3156000000,3
contig-1018000000,0
contig-4444000000,3
contig-1812000000,0
contig-2265000000,0
contig-3469000000,0
contig-2817000000,0
contig-2924000000,0
contig-2681000000,0
contig-3785000000,0
contig-2490000000,0
contig-1598000000,0
contig-4022000000,3
contig-1852000000,0
contig-3703000000,0
contig-2565000000,0
contig-846000000,0
contig-1545000000,0
contig-3848000000,0
contig-4073000000,0
contig-2410000000,0
contig-3774000000,3
contig-4042000000,3
contig-2324000000,0
contig-3332000000,0
contig-4670000000,3
contig-4000000,2
contig-3494000000,3
contig-4939000000,1
contig-4882000000,3
contig-4081000000,3
contig-3777000000,0
contig-1995000000,0
contig-2541000000,0
contig-866000000,0
contig-4350000000,3
contig-620000000,0
contig-602000000,3
contig-510000000,0
contig-1953000000,0
contig-792000000,3
contig-1301000000,0
contig-4277000000,3
contig-1045000000,0
contig-2991000000,3
contig-3650000000,0
contig-4868000000,3
contig-1853000000,0
contig-3052000000,0
contig-1871000000,0
contig-3003000000,0
contig-3613000000,0
contig-2107000000,3
contig-526000000,3
contig-410000000,0
contig-2134000000,0
contig-4433000000,1
contig-675000000,0
contig-4016000000,3
contig-1527000000,0
contig-1731000000,3
contig-610000000,3
contig-4802000000,3
contig-3072000000,3
contig-3778000000,0
contig-4043000000,3
contig-2119000000,0
contig-4088000000,0
contig-3017000000,3
contig-3447000000,3
contig-1756000000,0
contig-4170000000,0
contig-3874000000,3
contig-4120000000,3
contig-3170000000,0
contig-3708000000,0
contig-2300000000,0
contig-1348000000,3
contig-736000000,0
contig-4936000000,1
contig-3362000000,3
contig-3594000000,3
contig-3809000000,0
contig-1589000000,0
contig-3241000000,3
contig-395000000,0
contig-4926000000,2
contig-2356000000,3
contig-3465000000,3
contig-4542000000,3
contig-861000000,3
contig-2546000000,3
contig-4662000000,3
contig-628000000,0
contig-4460000000,0
contig-1235000000,3
contig-654000000,0
contig-4815000000,0
contig-2039000000,3
contig-2401000000,3
contig-2460000000,3
contig-3147000000,0
contig-1206000000,0
contig-4221000000,3
contig-4768000000,3
contig-4755000000,3
contig-554000000,0
contig-1721000000,0
contig-3457000000,0
contig-3875000000,3
contig-2862000000,3
contig-3262000000,0
contig-4687000000,3
contig-44000000,1
contig-2243000000,0
contig-4311000000,3
contig-2593000000,0
contig-1264000000,0
contig-4237000000,0
contig-3829000000,3
contig-211000000,0
contig-3993000000,0
contig-1931000000,0
contig-711000000,3
contig-3637000000,3
contig-4384000000,0
contig-2143000000,0
contig-2074000000,0
contig-4178000000,3
contig-30000000,1
contig-3171000000,0
contig-1725000000,3
contig-1912000000,0
contig-3789000000,0
contig-4373000000,3
contig-2525000000,0
contig-4391000000,3
contig-1914000000,3
contig-4353000000,3
contig-1268000000,0
contig-1011000000,0
contig-203000000,0
contig-78000000,3
contig-701000000,0
contig-3155000000,0
contig-1970000000,0
contig-4428000000,3
contig-2521000000,0
contig-3134000000,0
contig-3348000000,3
contig-4021000000,0
contig-4330000000,3
contig-3255000000,0
contig-1626000000,0
contig-1087000000,0
contig-4446000000,0
contig-347000000,0
contig-1209000000,0
contig-3762000000,3
contig-3425000000,0
contig-3679000000,3
contig-1054000000,0
contig-1698000000,3
contig-843000000,0
contig-697000000,0
contig-1816000000,0
contig-3303000000,0
contig-2275000000,0
contig-3560000000,0
contig-4562000000,3
contig-3821000000,3
contig-219000000,0
contig-1312000000,0
contig-2227000000,0
contig-4355000000,3
contig-209000000,3
contig-2323000000,3
contig-3229000000,3
contig-1343000000,0
contig-3672000000,3
contig-2919000000,0
contig-3319000000,0
contig-433000000,0
contig-2595000000,3
contig-3669000000,3
contig-3574000000,3
contig-3081000000,0
contig-2146000000,0
contig-3612000000,0
contig-2104000000,3
contig-1591000000,3
contig-3080000000,0
contig-1361000000,0
contig-292000000,2
contig-174000000,0
contig-4429000000,0
contig-2427000000,3
contig-514000000,0
contig-320000000,0
contig-4658000000,3
contig-2586000000,3
contig-2010000000,0
contig-361000000,3
contig-3978000000,0
contig-3664000000,0
contig-748000000,0
contig-3427000000,3
contig-3254000000,0
contig-4337000000,3
contig-3835000000,0
contig-2022000000,3
contig-2786000000,3
contig-1670000000,0
contig-4210000000,0
contig-1669000000,0
contig-4677000000,3
contig-639000000,0
contig-2140000000,0
contig-2475000000,0
contig-316000000,0
contig-3238000000,0
contig-1695000000,3
contig-692000000,0
contig-4516000000,3
contig-655000000,0
contig-4202000000,3
contig-2050000000,1
contig-4113000000,0
contig-4467000000,1
contig-698000000,0
contig-2731000000,0
contig-2695000000,0
contig-992000000,0
contig-1494000000,3
contig-3541000000,3
contig-202000000,0
contig-4816000000,3
contig-2366000000,0
contig-3036000000,2
contig-3956000000,0
contig-1133000000,0
contig-1307000000,3
contig-2465000000,0
contig-1979000000,3
contig-3282000000,0
contig-1599000000,0
contig-2328000000,0
contig-4014000000,3
contig-293000000,3
contig-3924000000,3
contig-1701000000,0
contig-180000000,1
contig-523000000,3
contig-3274000000,3
contig-2836000000,0
contig-1726000000,3
contig-1732000000,0
contig-3711000000,0
contig-1571000000,3
contig-694000000,1
contig-2946000000,3
contig-4530000000,3
contig-1794000000,0
contig-1806000000,0
contig-4588000000,0
contig-2507000000,3
contig-4387000000,3
contig-1391000000,3
contig-4582000000,3
contig-4515000000,3
contig-3311000000,0
contig-2306000000,0
contig-4100000000,3
contig-225000000,0
contig-2495000000,0
contig-4538000000,3
contig-1322000000,0
contig-3231000000,3
contig-2399000000,0
contig-2730000000,3
contig-4254000000,0
contig-1798000000,0
contig-3283000000,3
contig-2981000000,3
contig-3738000000,0
contig-1025000000,0
contig-2563000000,0
contig-2966000000,3
contig-557000000,0
contig-3816000000,3
contig-4298000000,3
contig-1186000000,3
contig-539000000,0
contig-3877000000,3
contig-235000000,0
contig-4909000000,2
contig-3604000000,3
contig-3193000000,3
contig-2775000000,3
contig-2017000000,0
contig-307000000,0
contig-575000000,0
contig-911000000,0
contig-2340000000,3
contig-2493000000,3
contig-875000000,0
contig-3759000000,0
contig-1176000000,3
contig-2241000000,3
contig-1083000000,0
contig-4229000000,3
contig-1776000000,3
contig-1293000000,0
contig-4146000000,3
contig-1234000000,0
contig-2035000000,0
contig-2500000000,3
contig-4137000000,3
contig-1396000000,0
contig-535000000,0
contig-3343000000,3
contig-2223000000,0
contig-2448000000,0
contig-2710000000,0
contig-1071000000,3
contig-533000000,0
contig-4641000000,3
contig-579000000,3
contig-3355000000,0
contig-2883000000,3
contig-4284000000,3
contig-3690000000,0
contig-2007000000,3
contig-261000000,0
contig-4421000000,3
contig-1327000000,0
contig-2787000000,0
contig-1651000000,0
contig-1673000000,3
contig-2114000000,3
contig-3364000000,0
contig-4407000000,0
contig-145000000,1
contig-4162000000,3
contig-3960000000,3
contig-3901000000,0
contig-3383000000,3
contig-1795000000,0
contig-1620000000,3
contig-558000000,3
contig-166000000,0
contig-394000000,3
contig-3295000000,3
contig-4478000000,1
contig-1713000000,0
contig-365000000,0
contig-704000000,0
contig-1652000000,0
contig-3987000000,3
contig-2341000000,0
contig-910000000,0
contig-80000000,0
contig-823000000,0
contig-83000000,0
contig-4435000000,3
contig-2115000000,0
contig-72000000,3
contig-430000000,0
contig-3935000000,3
contig-144000000,0
contig-594000000,3
contig-4857000000,3
contig-108000000,3
contig-3855000000,3
contig-4686000000,3
contig-198000000,0
contig-2365000000,0
contig-3505000000,0
contig-1850000000,3
contig-181000000,0
contig-955000000,0
contig-2304000000,0
contig-3681000000,0
contig-3291000000,3
contig-416000000,0
contig-4533000000,0
contig-2205000000,0
contig-615000000,0
contig-3680000000,3
contig-4773000000,3
contig-3876000000,3
contig-538000000,0
contig-1490000000,0
contig-1587000000,0
contig-984000000,0
contig-1868000000,3
contig-1453000000,0
contig-2429000000,0
contig-4649000000,3
contig-1313000000,3
contig-2872000000,3
contig-2750000000,0
contig-4419000000,3
contig-4163000000,0
contig-2835000000,3
contig-104000000,1
contig-3790000000,3
contig-2368000000,3
contig-4661000000,3
contig-3029000000,3
contig-250000000,0
contig-930000000,0
contig-102000000,0
contig-4898000000,3
contig-2832000000,3
contig-1694000000,0
contig-2780000000,0
contig-3470000000,0
contig-4195000000,3
contig-2009000000,0
contig-3720000000,3
contig-2744000000,3
contig-122000000,0
contig-2903000000,0
contig-1716000000,3
contig-3739000000,0
contig-4411000000,0
contig-2978000000,3
contig-1026000000,0
contig-1708000000,3
contig-2902000000,3
contig-2806000000,0
contig-4067000000,0
contig-2325000000,0
contig-3446000000,3
contig-1057000000,0
contig-3315000000,3
contig-2163000000,0
contig-2601000000,3
contig-2779000000,3
contig-3510000000,0
contig-1476000000,3
contig-268000000,0
contig-313000000,3
contig-2598000000,0
contig-2005000000,3
contig-20000000,1
contig-2413000000,0
contig-4884000000,3
contig-888000000,0
contig-4490000000,0
contig-4812000000,3
contig-2947000000,0
contig-4303000000,3
contig-4842000000,3
contig-4795000000,3
contig-4749000000,3
contig-1710000000,2
contig-4737000000,3
contig-1005000000,0
contig-2979000000,0
contig-2636000000,3
contig-2268000000,3
contig-817000000,0
contig-4525000000,3
contig-4136000000,0
contig-3934000000,0
contig-3292000000,0
contig-2524000000,0
contig-4295000000,3
contig-2927000000,3
contig-12000000,1
contig-50000000,1
contig-3293000000,3
contig-3951000000,3
contig-109000000,0
contig-4897000000,3
contig-849000000,0
contig-4403000000,3
contig-1015000000,0
contig-1700000000,1
contig-3769000000,3
contig-2673000000,3
contig-970000000,0
contig-4066000000,3
contig-1118000000,0
contig-2538000000,0
contig-1617000000,3
contig-1158000000,0
contig-1765000000,0
contig-1935000000,3
contig-2224000000,0
contig-4757000000,3
contig-4453000000,3
contig-1185000000,3
contig-2561000000,0
contig-842000000,3
contig-4924000000,1
contig-3001000000,3
contig-3484000000,0
contig-2188000000,0
contig-964000000,3
contig-859000000,2
contig-4046000000,3
contig-4191000000,0
contig-1473000000,0
contig-822000000,0
contig-2996000000,3
contig-1439000000,3
contig-2459000000,0
contig-1479000000,0
contig-3592000000,2
contig-3478000000,0
contig-3851000000,3
contig-1130000000,3
contig-3128000000,0
contig-4604000000,0
contig-1679000000,0
contig-959000000,0
contig-2308000000,0
contig-475000000,2
contig-4875000000,3
contig-4468000000,0
contig-2261000000,0
contig-230000000,0
contig-2183000000,3
contig-1934000000,0
contig-1560000000,3
contig-2920000000,1
contig-3773000000,3
contig-4548000000,0
contig-3365000000,3
contig-2624000000,3
contig-2548000000,0
contig-2397000000,2
contig-798000000,0
contig-2882000000,0
contig-3356000000,3
contig-739000000,0
contig-3440000000,3
contig-260000000,0
contig-1140000000,3
contig-4098000000,3
contig-3904000000,0
contig-482000000,0
contig-1584000000,3
contig-4508000000,3
contig-3915000000,3
contig-1525000000,0
contig-1493000000,0
contig-3953000000,3
contig-3334000000,3
contig-1226000000,0
contig-2326000000,3
contig-1309000000,0
contig-2212000000,0
contig-4483000000,0
contig-4682000000,3
contig-1149000000,0
contig-2646000000,3
contig-2369000000,0
contig-3958000000,3
contig-893000000,0
contig-3838000000,3
contig-2127000000,3
contig-3990000000,0
contig-506000000,3
contig-3932000000,0
contig-357000000,0
contig-1540000000,0
contig-3880000000,0
contig-3531000000,0
contig-3388000000,3
contig-3783000000,3
contig-2464000000,0
contig-1873000000,0
contig-3593000000,3
contig-3338000000,3
contig-2338000000,3
contig-3393000000,3
contig-2180000000,0
contig-4879000000,3
contig-2708000000,0
contig-478000000,0
contig-4012000000,3
contig-4505000000,0
contig-4870000000,3
contig-2686000000,0
contig-4474000000,0
contig-1032000000,3
contig-4826000000,3
contig-1857000000,0
contig-1861000000,0
contig-1752000000,0
contig-3009000000,0
contig-3359000000,3
contig-1265000000,0
contig-4147000000,3
contig-3584000000,2
contig-2447000000,3
contig-4835000000,3
contig-3868000000,3
contig-2942000000,0
contig-3894000000,0
contig-2122000000,3
contig-4683000000,3
contig-314000000,0
contig-1227000000,0
contig-1689000000,0
contig-3422000000,0
contig-1258000000,0
contig-2405000000,0
contig-4743000000,3
contig-3772000000,3
contig-4778000000,3
contig-3473000000,3
contig-348000000,0
contig-123000000,0
contig-766000000,0
contig-4763000000,3
contig-4375000000,3
contig-4176000000,3
contig-253000000,0
contig-834000000,0
contig-1228000000,0
contig-2651000000,0
contig-3451000000,3
contig-1635000000,0
contig-4843000000,3
contig-1723000000,3
contig-3648000000,3
contig-2068000000,3
contig-1928000000,0
contig-1778000000,3
contig-1299000000,0
contig-4574000000,3
contig-4818000000,3
contig-1059000000,3
contig-3329000000,3
contig-4859000000,3
contig-3725000000,3
contig-1500000000,0
contig-4379000000,3
contig-3914000000,3
contig-4339000000,3
contig-3502000000,3
contig-746000000,0
contig-4736000000,3
contig-2226000000,3
contig-1292000000,3
contig-1910000000,0
contig-2020000000,0
contig-4914000000,1
contig-1289000000,3
contig-1514000000,0
contig-3208000000,0
contig-4317000000,3
contig-1821000000,0
contig-4534000000,3
contig-2549000000,3
contig-1419000000,0
contig-2620000000,3
contig-4561000000,0
contig-1151000000,3
contig-1820000000,1
contig-4716000000,0
contig-1964000000,0
contig-4575000000,3
contig-2090000000,0
contig-1608000000,3
contig-3558000000,0
contig-4283000000,3
contig-4648000000,3
contig-4074000000,3
contig-3643000000,0
contig-1529000000,1
contig-3437000000,0
contig-2887000000,0
contig-471000000,0
contig-142000000,0
contig-4461000000,0
contig-1905000000,0
contig-1634000000,0
contig-1063000000,0
contig-1906000000,0
contig-3031000000,0
contig-2170000000,3
contig-1802000000,3
contig-4840000000,3
contig-3485000000,0
contig-3002000000,3
contig-452000000,0
contig-4190000000,3
contig-1921000000,3
contig-663000000,0
contig-4354000000,3
contig-4216000000,0
contig-1658000000,3
contig-18000000,2
contig-2100000000,0
contig-2142000000,3
contig-19000000,1
contig-3572000000,3
contig-2129000000,3
contig-4374000000,3
contig-1896000000,0
contig-2423000000,3
contig-626000000,3
contig-3412000000,0
contig-3268000000,0
contig-1159000000,0
contig-2519000000,0
contig-1243000000,3
contig-4591000000,0
contig-4711000000,3
contig-341000000,0
contig-4013000000,3
contig-4510000000,0
contig-3067000000,3
contig-1346000000,3
contig-1401000000,0
contig-3488000000,3
contig-3054000000,0
contig-2428000000,0
contig-3752000000,3
contig-2000000,2
contig-2983000000,2
contig-4772000000,3
contig-3519000000,3
contig-2437000000,3
contig-2582000000,0
contig-3086000000,3
contig-2297000000,0
contig-2404000000,3
contig-2603000000,0
contig-696000000,0
contig-4740000000,3
contig-2296000000,3
contig-2956000000,0
contig-2028000000,0
contig-3606000000,0
contig-2320000000,0
contig-3553000000,0
contig-4848000000,3
contig-2930000000,0
contig-1440000000,0
contig-1266000000,0
contig-4356000000,3
contig-2834000000,0
contig-1502000000,3
contig-1303000000,3
contig-487000000,0
contig-2600000000,0
contig-794000000,0
contig-2921000000,3
contig-1166000000,0
contig-3269000000,3
contig-1214000000,0
contig-1398000000,3
contig-1947000000,3
contig-3743000000,3
contig-4710000000,3
contig-4623000000,0
contig-479000000,0
contig-780000000,0
contig-4766000000,3
contig-4448000000,3
contig-1875000000,0
contig-723000000,0
contig-4338000000,3
contig-2838000000,0
contig-1973000000,0
contig-2303000000,0
contig-2185000000,3
contig-722000000,0
contig-2513000000,3
contig-2310000000,0
contig-370000000,0
contig-2184000000,3
contig-1407000000,0
contig-4217000000,3
contig-4270000000,3
contig-1002000000,0
contig-2260000000,0
contig-2911000000,0
contig-217000000,0
contig-3023000000,3
contig-4733000000,3
contig-2587000000,3
contig-4794000000,3
contig-4406000000,0
contig-393000000,0
contig-158000000,3
contig-3183000000,3
contig-2962000000,0
contig-1089000000,0
contig-767000000,3
contig-3177000000,3
contig-1014000000,3
contig-1434000000,0
contig-3411000000,0
contig-3247000000,3
contig-4402000000,3
contig-2643000000,3
contig-1558000000,0
contig-4280000000,0
contig-4514000000,0
contig-4193000000,3
contig-707000000,0
contig-3967000000,3
contig-2767000000,3
contig-3215000000,0
contig-669000000,0
contig-1097000000,2
contig-586000000,0
contig-4449000000,3
contig-3501000000,3
contig-1363000000,3
contig-4231000000,3
contig-3103000000,0
contig-3480000000,3
contig-1772000000,0
contig-3423000000,1
contig-4833000000,3
contig-1783000000,0
contig-1678000000,3
contig-1746000000,3
contig-1780000000,0
contig-2072000000,0
contig-1337000000,0
contig-1075000000,0
contig-1684000000,0
contig-552000000,2
contig-4138000000,0
contig-2023000000,0
contig-241000000,1
contig-3879000000,3
contig-4316000000,3
contig-4665000000,3
contig-4246000000,3
contig-330000000,0
contig-1677000000,3
contig-1696000000,0
contig-1323000000,0
contig-1261000000,0
contig-3064000000,3
contig-331000000,0
contig-2877000000,3
contig-2001000000,0
contig-257000000,0
contig-1122000000,0
contig-1260000000,0
contig-3587000000,3
contig-1147000000,0
contig-2123000000,0
contig-172000000,3
contig-196000000,0
contig-3126000000,0
contig-4289000000,3
contig-2555000000,3
contig-504000000,0
contig-3662000000,3
contig-700000000,0
contig-2645000000,0
contig-3881000000,0
contig-507000000,0
contig-4660000000,3
contig-353000000,0
contig-662000000,0
contig-3252000000,3
contig-3020000000,0
contig-3707000000,0
contig-1010000000,3
contig-3121000000,3
contig-1380000000,0
contig-52000000,1
contig-1968000000,0
contig-537000000,0
contig-1399000000,3
contig-418000000,0
contig-1484000000,3
contig-1969000000,0
contig-642000000,0
contig-2662000000,3
contig-947000000,0
contig-3287000000,0
contig-3394000000,0
contig-22000000,2
contig-2379000000,0
contig-2693000000,0
contig-994000000,0
contig-2909000000,3
contig-2067000000,3
contig-4352000000,3
contig-1457000000,0
contig-2248000000,3
contig-4807000000,3
contig-512000000,0
contig-4651000000,3
contig-3668000000,0
contig-344000000,3
contig-3798000000,0
contig-3628000000,0
contig-1092000000,2
contig-1116000000,0
contig-284000000,3
contig-435000000,0
contig-295000000,1
contig-454000000,0
contig-3087000000,3
contig-4518000000,1
contig-3826000000,3
contig-2953000000,3
contig-1755000000,0
contig-1001000000,0
contig-2151000000,0
contig-4796000000,3
contig-2748000000,3
contig-2963000000,3
contig-1022000000,0
contig-1712000000,3
contig-1364000000,0
contig-2502000000,3
contig-2742000000,3
contig-1433000000,3
contig-4705000000,3
contig-1365000000,0
contig-3640000000,3
contig-4764000000,3
contig-1053000000,0
contig-577000000,0
contig-762000000,0
contig-3546000000,0
contig-2432000000,3
contig-441000000,0
contig-2467000000,0
contig-645000000,0
contig-2634000000,0
contig-442000000,0
contig-4519000000,0
contig-270000000,3
contig-580000000,0
contig-3806000000,3
contig-3153000000,0
contig-2736000000,3
contig-1058000000,2
contig-1618000000,0
contig-3125000000,3
contig-2626000000,3
contig-3038000000,0
contig-2729000000,0
contig-2162000000,3
contig-1047000000,3
contig-1352000000,0
contig-2904000000,0
contig-1074000000,0
contig-262000000,0
contig-1656000000,0
contig-233000000,0
contig-3376000000,0
contig-3498000000,3
contig-882000000,0
contig-625000000,3
contig-2763000000,3
contig-2989000000,3
contig-525000000,0
contig-3666000000,3
contig-873000000,0
contig-2720000000,0
contig-4442000000,3
contig-4235000000,3
contig-1008000000,0
contig-4306000000,3
contig-1432000000,0
contig-4925000000,2
contig-4566000000,3
contig-4593000000,0
contig-3237000000,3
contig-1463000000,0
contig-2222000000,0
contig-1482000000,3
contig-445000000,0
contig-2791000000,0
contig-4127000000,3
contig-2669000000,0
contig-2886000000,0
contig-4907000000,1
contig-3923000000,3
contig-2391000000,3
contig-689000000,3
contig-1144000000,0
contig-4917000000,1
contig-968000000,3
contig-2047000000,0
contig-2633000000,3
contig-3682000000,0
contig-1477000000,3
contig-4587000000,3
contig-1411000000,0
contig-3074000000,3
contig-962000000,3
contig-2823000000,3
contig-1520000000,3
contig-1521000000,0
contig-2198000000,3
contig-1079000000,0
contig-1302000000,0
contig-1134000000,3
contig-414000000,3
contig-3845000000,2
contig-4865000000,3
contig-4634000000,3
contig-667000000,0
contig-2589000000,0
contig-4472000000,3
contig-392000000,0
contig-1085000000,0
contig-1179000000,0
contig-234000000,0
contig-3490000000,3
contig-2995000000,0
contig-115000000,1
contig-3308000000,3
contig-426000000,0
contig-155000000,0
contig-1449000000,0
contig-1180000000,3
contig-4664000000,3
contig-2024000000,3
contig-2347000000,0
contig-916000000,0
contig-2041000000,0
contig-2217000000,0
contig-3201000000,0
contig-909000000,3
contig-4597000000,3
contig-3397000000,0
contig-4481000000,3
contig-1117000000,2
contig-3378000000,3
contig-121000000,0
contig-287000000,1
contig-570000000,0
contig-2714000000,2
contig-1930000000,3
contig-571000000,0
contig-836000000,0
contig-2245000000,0
contig-214000000,0
contig-4128000000,3
contig-2666000000,3
contig-943000000,0
contig-900000000,0
contig-2333000000,3
contig-21000000,2
contig-3186000000,3
contig-3246000000,3
contig-2073000000,0
contig-4243000000,2
contig-237000000,0
contig-4787000000,3
contig-2451000000,1
contig-74000000,1
contig-4503000000,0
contig-4174000000,3
contig-3353000000,3
contig-3706000000,3
contig-889000000,0
contig-3992000000,0
contig-4096000000,3
contig-2757000000,0
contig-4158000000,3
contig-2932000000,0
contig-4059000000,0
contig-4767000000,3
contig-2403000000,0
contig-529000000,3
contig-4788000000,3
contig-4118000000,0
contig-1328000000,0
contig-3146000000,3
contig-528000000,0
contig-3862000000,3
contig-3723000000,0
contig-2944000000,0
contig-4846000000,3
contig-1329000000,3
contig-601000000,0
contig-2390000000,3
contig-1773000000,0
contig-4739000000,3
contig-4321000000,3
contig-4151000000,0
contig-59000000,1
contig-921000000,0
contig-4486000000,0
contig-81000000,2
contig-1385000000,0
contig-40000000,2
contig-4087000000,3
contig-199000000,0
contig-4110000000,3
contig-4084000000,3
contig-87000000,0
contig-2279000000,0
contig-2659000000,0
contig-4851000000,3
contig-3181000000,3
contig-3827000000,3
contig-2165000000,0
contig-2202000000,0
contig-1743000000,3
contig-4732000000,3
contig-2702000000,3
contig-1379000000,0
contig-2577000000,3
contig-4729000000,3
contig-1486000000,2
contig-4801000000,3
contig-4437000000,0
contig-4552000000,3
contig-4752000000,3
contig-3503000000,0
contig-4192000000,3
contig-413000000,0
contig-3847000000,3
contig-4443000000,3
contig-412000000,1
contig-4452000000,1
contig-1252000000,0
contig-1639000000,3
contig-171000000,0
contig-3532000000,0
contig-886000000,0
contig-4288000000,3
contig-2312000000,3
contig-1926000000,0
contig-2797000000,0
contig-3629000000,3
contig-3500000000,3
contig-3313000000,3
contig-439000000,0
contig-1366000000,0
contig-3721000000,3
contig-4937000000,1
contig-1891000000,0
contig-742000000,0
contig-852000000,0
contig-2517000000,0
contig-4549000000,3
contig-4060000000,0
contig-2625000000,0
contig-3481000000,0
contig-65000000,1
contig-2905000000,0
contig-1804000000,0
contig-403000000,0
contig-3985000000,3
contig-924000000,0
contig-136000000,0
contig-1719000000,0
contig-2359000000,3
contig-137000000,3
contig-4792000000,3
contig-1512000000,0
contig-4369000000,3
contig-4617000000,3
contig-659000000,0
contig-2455000000,3
contig-997000000,0
contig-2690000000,0
contig-4532000000,3
contig-1456000000,0
contig-2725000000,1
contig-3336000000,0
contig-4072000000,0
contig-2235000000,0
contig-2498000000,3
contig-2847000000,0
contig-4602000000,3
contig-1042000000,2
contig-4891000000,3
contig-4340000000,3
contig-3840000000,0
contig-3616000000,3
contig-1808000000,3
contig-4343000000,0
contig-3344000000,3
contig-440000000,0
contig-119000000,0
contig-3941000000,3
contig-489000000,0
contig-1877000000,3
contig-3922000000,3
contig-1443000000,0
contig-1566000000,0
contig-4869000000,3
contig-1984000000,3
contig-922000000,3
contig-2315000000,0
contig-1216000000,1
contig-2414000000,0
contig-1579000000,0
contig-2489000000,3
contig-1826000000,0
contig-527000000,1
contig-3636000000,0
contig-4177000000,0
contig-4149000000,0
contig-634000000,3
contig-3902000000,0
contig-310000000,0
contig-4606000000,0
contig-1371000000,3
contig-6000000,1
contig-1533000000,3
contig-2069000000,0
contig-4878000000,3
contig-1570000000,0
contig-789000000,0
contig-4539000000,3
contig-3236000000,3
contig-2271000000,3
contig-3755000000,0
contig-4941000000,1
contig-858000000,0
contig-346000000,0
contig-651000000,3
contig-818000000,0
contig-2267000000,0
contig-3007000000,3
contig-2209000000,0
contig-1259000000,3
contig-643000000,0
contig-3751000000,3
contig-2280000000,0
contig-4114000000,0
contig-1941000000,3
contig-2230000000,3
contig-4744000000,3
contig-1508000000,3
contig-43000000,1
contig-2575000000,3
contig-384000000,1
contig-4381000000,0
contig-4413000000,3
contig-870000000,0
contig-2948000000,3
contig-4414000000,3
contig-1009000000,3
contig-3453000000,0
contig-729000000,0
contig-1551000000,3
contig-3822000000,0
contig-3042000000,0
contig-4141000000,0
contig-483000000,1
contig-3182000000,0
contig-3545000000,0
contig-4049000000,0
contig-3024000000,3
contig-1238000000,0
contig-1221000000,0
contig-763000000,0
contig-2236000000,0
contig-1335000000,0
contig-2251000000,0
contig-800000000,0
contig-1198000000,0
contig-4498000000,0
contig-2290000000,0
contig-3863000000,0
contig-743000000,0
contig-4314000000,3
contig-3413000000,3
contig-3331000000,3
contig-4058000000,0
contig-2712000000,0
contig-3030000000,3
contig-786000000,3
contig-2592000000,0
contig-2419000000,0
contig-3330000000,0
contig-2594000000,0
contig-1675000000,3
contig-1466000000,1
contig-1256000000,3
contig-3141000000,0
contig-3079000000,0
contig-809000000,3
contig-2258000000,0
contig-2804000000,0
contig-2937000000,0
contig-2641000000,3
contig-4932000000,2
contig-385000000,3
contig-3581000000,0
contig-2496000000,0
contig-2124000000,0
contig-75000000,1
contig-1282000000,0
contig-2576000000,3
contig-2171000000,0
contig-491000000,0
contig-468000000,0
contig-4037000000,3
contig-1682000000,0
contig-2527000000,0
contig-724000000,3
contig-3251000000,3
contig-1554000000,0
contig-1720000000,0
contig-1596000000,3
contig-1898000000,2
contig-2556000000,0
contig-2197000000,3
contig-4697000000,3
contig-565000000,0
contig-1940000000,0
contig-3570000000,3
contig-1578000000,0
contig-1274000000,0
contig-3927000000,3
contig-3107000000,0
contig-3767000000,3
contig-3627000000,3
contig-2783000000,0
contig-3665000000,0
contig-3010000000,3
contig-1996000000,0
contig-1649000000,0
contig-2826000000,0
contig-3750000000,3
contig-1688000000,3
contig-1632000000,0
contig-666000000,1
contig-1552000000,0
contig-1090000000,0
contig-355000000,0
contig-2980000000,3
contig-4408000000,3
contig-106000000,0
contig-3060000000,3
contig-3085000000,3
contig-3022000000,3
contig-3454000000,3
contig-4105000000,2
contig-2604000000,0
contig-3301000000,3
contig-3163000000,3
contig-3735000000,3
contig-3455000000,3
contig-1020000000,0
contig-4322000000,0
contig-1375000000,0
contig-3206000000,3
contig-2155000000,3
contig-1168000000,0
contig-1962000000,3
contig-2135000000,3
contig-999000000,3
contig-2299000000,0
contig-4122000000,3
contig-1890000000,0
contig-2827000000,3
contig-1288000000,0
contig-359000000,0
contig-185000000,0
contig-4436000000,3
contig-4434000000,3
contig-319000000,0
contig-3694000000,3
contig-2026000000,0
contig-2415000000,0
contig-1215000000,3
contig-3588000000,3
contig-1827000000,0
contig-4392000000,3
contig-3597000000,0
contig-3462000000,3
contig-337000000,0
contig-1987000000,0
contig-4365000000,3
contig-1271000000,0
contig-1648000000,0
contig-2707000000,3
contig-811000000,3
contig-2431000000,0
contig-4220000000,3
contig-2590000000,3
contig-3836000000,3
contig-356000000,1
contig-4531000000,3
contig-460000000,0
contig-1683000000,0
contig-1936000000,3
contig-2950000000,0
contig-1647000000,0
contig-1605000000,3
contig-3137000000,0
contig-2063000000,3
contig-4751000000,3
contig-3162000000,3
contig-1901000000,0
contig-3133000000,3
contig-3763000000,3
contig-2149000000,0
contig-4308000000,0
contig-4199000000,3
contig-1907000000,0
contig-4395000000,0
contig-3169000000,3
contig-4404000000,0
contig-1277000000,0
contig-1461000000,0
contig-1064000000,0
contig-276000000,0
contig-2144000000,3
contig-712000000,0
contig-3142000000,0
contig-4358000000,0
contig-3127000000,1
contig-3577000000,3
contig-4040000000,1
contig-2441000000,3
contig-3784000000,2
contig-3129000000,3
contig-3911000000,3
contig-3220000000,0
contig-4529000000,0
contig-3576000000,0
contig-1098000000,0
contig-4189000000,3
contig-354000000,0
contig-2229000000,3
contig-3432000000,0
contig-3644000000,0
contig-1724000000,0
contig-2191000000,3
contig-4852000000,3
contig-4499000000,0
contig-680000000,1
contig-1863000000,0
contig-2266000000,0
contig-819000000,0
contig-3555000000,3
contig-2148000000,0
contig-4615000000,0
contig-2436000000,0
contig-4132000000,3
contig-1305000000,0
contig-584000000,1
contig-3802000000,0
contig-4291000000,0
contig-2769000000,3
contig-4104000000,0
contig-4506000000,3
contig-1336000000,0
contig-2291000000,0
contig-5000000,2
contig-424000000,3
contig-3567000000,0
contig-4639000000,3
contig-4834000000,3
contig-3092000000,3
contig-1600000000,0
contig-3667000000,0
contig-2113000000,0
contig-1582000000,3
contig-3093000000,0
contig-1354000000,3
contig-2918000000,3
contig-3919000000,3
contig-141000000,0
contig-4573000000,3
contig-4115000000,3
contig-561000000,3
contig-621000000,0
contig-2003000000,0
contig-376000000,3
contig-1881000000,0
contig-2724000000,0
contig-1625000000,3
contig-4722000000,3
contig-3221000000,0
contig-4302000000,1
contig-826000000,0
contig-4466000000,3
contig-2057000000,3
contig-2795000000,0
contig-2610000000,0
contig-830000000,0
contig-4412000000,0
contig-2042000000,0
contig-2535000000,0
contig-3771000000,0
contig-1358000000,3
contig-4605000000,0
contig-1161000000,3
contig-153000000,0
contig-4861000000,3
contig-323000000,0
contig-3205000000,0
contig-685000000,0
contig-318000000,0
contig-2043000000,3
contig-3418000000,2
contig-3714000000,3
contig-4240000000,3
contig-2878000000,3
contig-2682000000,0
contig-3419000000,0
contig-1469000000,3
contig-2964000000,3
contig-277000000,1
contig-1339000000,3
contig-117000000,3
contig-3043000000,0
contig-3709000000,3
contig-1124000000,0
contig-3012000000,0
contig-1668000000,3
contig-547000000,0
contig-1966000000,3
contig-4630000000,0
contig-2125000000,0
contig-317000000,0
contig-3639000000,0
contig-149000000,0
contig-1774000000,0
contig-197000000,0
contig-4689000000,3
contig-2848000000,0
contig-949000000,0
contig-159000000,0
contig-2569000000,3
contig-1093000000,0
contig-3702000000,0
contig-683000000,0
contig-2674000000,2
contig-3449000000,0
contig-2959000000,0
contig-3719000000,3
contig-114000000,1
contig-283000000,0
contig-3148000000,0
contig-1386000000,0
contig-2881000000,0
contig-2613000000,3
contig-658000000,0
contig-1446000000,0
contig-3302000000,3
contig-3207000000,3
contig-464000000,0
contig-210000000,3
contig-3828000000,0
contig-4786000000,3
contig-2740000000,0
contig-3748000000,3
contig-251000000,0
contig-1474000000,0
contig-904000000,0
contig-2337000000,0
contig-678000000,3
contig-2812000000,3
contig-2864000000,0
contig-4247000000,3
contig-1787000000,0
contig-2811000000,0
contig-3620000000,3
contig-2772000000,0
contig-1036000000,0
contig-3192000000,0
contig-2975000000,0
contig-1201000000,0
contig-1759000000,0
contig-1404000000,3
contig-3823000000,3
contig-336000000,0
contig-1753000000,3
contig-4497000000,0
contig-4186000000,2
contig-226000000,0
contig-542000000,0
contig-4471000000,0
contig-3803000000,3
contig-585000000,3
contig-2907000000,0
contig-2700000000,3
contig-2004000000,3
contig-4292000000,3
contig-2941000000,0
contig-548000000,0
contig-2353000000,0
contig-2545000000,0
contig-862000000,0
contig-68000000,1
contig-152000000,0
contig-807000000,0
contig-2256000000,0
contig-3106000000,0
contig-4038000000,3
contig-4703000000,3
contig-3349000000,0
contig-85000000,1
contig-4155000000,3
contig-24000000,2
contig-3078000000,3
contig-3281000000,3
contig-4659000000,3
contig-1381000000,3
contig-500000000,3
contig-3886000000,3
contig-1451000000,3
contig-3700000000,3
contig-1065000000,3
contig-1000000,2
contig-4426000000,3
contig-1462000000,0
contig-544000000,0
contig-1427000000,0
contig-4447000000,0
contig-2032000000,3
contig-3864000000,3
contig-443000000,0
contig-2794000000,0
contig-4656000000,3
contig-3025000000,2
contig-2701000000,0
contig-2477000000,3
contig-1041000000,0
contig-1480000000,0
contig-4631000000,3
contig-4877000000,3
contig-3441000000,0
contig-2473000000,2
contig-4030000000,3
contig-175000000,0
contig-960000000,0
contig-2821000000,3
contig-2868000000,0
contig-372000000,0
contig-717000000,1
contig-2352000000,0
contig-4196000000,0
contig-3435000000,0
contig-856000000,0
contig-952000000,0
contig-1155000000,0
contig-1781000000,0
contig-2896000000,1
contig-2240000000,3
contig-61000000,1
contig-427000000,0
contig-3309000000,0
contig-3926000000,3
contig-1311000000,0
contig-2977000000,3
contig-3249000000,0
contig-449000000,0
contig-3947000000,3
contig-165000000,0
contig-2372000000,0
contig-4570000000,0
contig-4823000000,3
contig-3989000000,3
contig-4688000000,3
contig-49000000,1
contig-920000000,0
contig-2317000000,0
contig-2747000000,3
contig-3782000000,3
contig-223000000,0
contig-405000000,3
contig-3983000000,3
contig-2270000000,3
contig-2408000000,0
contig-2746000000,3
contig-4746000000,3
contig-4187000000,3
contig-2166000000,3
contig-4493000000,0
contig-4393000000,0
contig-993000000,0
contig-2694000000,3
contig-1426000000,0
contig-4076000000,3
contig-1304000000,0
contig-2765000000,0
contig-1046000000,3
contig-113000000,1
contig-1511000000,0
contig-4007000000,0
contig-3368000000,3
contig-1539000000,3
contig-1101000000,0
contig-1160000000,0
contig-3799000000,0
contig-3371000000,3
contig-998000000,3
contig-409000000,3
contig-3405000000,3
contig-3515000000,3
contig-987000000,0
contig-131000000,3
contig-2914000000,0
contig-4133000000,0
contig-4173000000,0
contig-2189000000,3
contig-1035000000,0
contig-2915000000,3
contig-2833000000,3
contig-4052000000,3
contig-4334000000,0
contig-4800000000,3
contig-3306000000,3
contig-428000000,0
contig-3869000000,0
contig-2078000000,3
contig-1191000000,0
contig-255000000,0
contig-326000000,0
contig-4264000000,3
contig-1813000000,0
contig-15000000,1
contig-2400000000,3
contig-3523000000,0
contig-1810000000,0
contig-48000000,1
contig-3226000000,3
contig-4571000000,3
contig-2939000000,0
contig-2958000000,3
contig-4781000000,3
contig-4388000000,3
contig-3792000000,0
contig-3609000000,0
contig-3852000000,3
contig-2255000000,0
contig-804000000,3
contig-4614000000,3
contig-4528000000,3
contig-2234000000,0
contig-2048000000,3
contig-967000000,0
contig-4286000000,0
contig-3504000000,3
contig-2934000000,3
contig-4817000000,3
contig-47000000,1
contig-966000000,0
contig-2049000000,3
contig-388000000,0
contig-3946000000,1
contig-448000000,0
contig-4880000000,0
contig-3745000000,3
contig-874000000,3
contig-2579000000,0
contig-770000000,0
contig-3260000000,0
contig-3324000000,0
contig-1060000000,0
contig-4119000000,3
contig-1775000000,3
contig-4912000000,2
contig-2660000000,3
contig-945000000,3
contig-4053000000,3
contig-4267000000,3
contig-3646000000,3
contig-1739000000,3
contig-2211000000,3
contig-1745000000,3
contig-2572000000,0
contig-2861000000,3
contig-2019000000,0
contig-3497000000,3
contig-611000000,0
contig-977000000,3
contig-1988000000,0
contig-4033000000,3
contig-2381000000,3
contig-1194000000,1
contig-2512000000,3
contig-857000000,0
contig-788000000,0
contig-3786000000,3
contig-1156000000,0
contig-1458000000,0
contig-2380000000,0
contig-1615000000,0
contig-4262000000,3
contig-2284000000,0
contig-4257000000,3
contig-3321000000,3
contig-3062000000,0
contig-1127000000,0
contig-3445000000,0
contig-4652000000,3
contig-1737000000,0
contig-3961000000,0
contig-3618000000,3
contig-1510000000,0
contig-2522000000,3
contig-4866000000,0
contig-138000000,0
contig-591000000,0
contig-2154000000,0
contig-2933000000,0
contig-1882000000,0
contig-3398000000,3
contig-1522000000,0
contig-1286000000,0
contig-2840000000,3
contig-3345000000,3
contig-3865000000,0
contig-1192000000,0
contig-3267000000,3
contig-3230000000,0
contig-1175000000,0
contig-3244000000,3
contig-3971000000,3
contig-2138000000,0
contig-2929000000,3
contig-4006000000,3
contig-1592000000,3
contig-1825000000,0
contig-1550000000,0
contig-2472000000,0
contig-738000000,0
contig-1395000000,0
contig-4910000000,1
contig-2865000000,3
contig-1666000000,2
contig-2336000000,0
contig-905000000,0
contig-301000000,0
contig-1627000000,0
contig-1165000000,3
contig-1610000000,0
contig-1450000000,3
contig-2181000000,0
contig-880000000,0
contig-4728000000,3
contig-4083000000,3
contig-2499000000,0
contig-28000000,1
contig-4125000000,0
contig-2174000000,0
contig-2954000000,0
contig-2411000000,3
contig-4616000000,0
contig-3327000000,0
contig-3131000000,0
contig-3380000000,3
contig-894000000,0
contig-1412000000,1
contig-4396000000,3
contig-1644000000,0
contig-4580000000,3
contig-1920000000,0
contig-96000000,0
contig-1007000000,0
contig-2845000000,0
contig-1872000000,0
contig-97000000,0
contig-2829000000,0
contig-2011000000,3
contig-3623000000,0
contig-4578000000,3
contig-4154000000,3
contig-4326000000,3
contig-2238000000,0
contig-3389000000,3
contig-3111000000,3
contig-2131000000,0
contig-160000000,0
contig-3938000000,3
contig-1699000000,3
contig-1230000000,0
contig-4485000000,0
contig-1296000000,3
contig-2438000000,0
contig-3693000000,3
contig-2863000000,3
contig-2085000000,0
contig-609000000,1
contig-130000000,0
contig-779000000,0
contig-4770000000,3
contig-1611000000,0
contig-2504000000,0
contig-2293000000,3
contig-1275000000,0
contig-1517000000,3
contig-4509000000,3
contig-2764000000,0
contig-1316000000,0
contig-1078000000,0
contig-1516000000,0
contig-4618000000,0
contig-3776000000,3
contig-1513000000,0
contig-110000000,1
contig-784000000,3
contig-4779000000,3
contig-2913000000,0
contig-982000000,0
contig-360000000,3
contig-4586000000,3
contig-3965000000,0
contig-2967000000,3
contig-4344000000,0
contig-520000000,0
contig-755000000,0
contig-4041000000,0
contig-4342000000,3
contig-1903000000,3
contig-2446000000,0
contig-3468000000,0
contig-2055000000,3
contig-3611000000,3
contig-1985000000,3
contig-614000000,0
contig-4362000000,0
contig-1832000000,0
contig-1287000000,0
contig-727000000,0
contig-1142000000,0
contig-1833000000,0
contig-758000000,0
contig-1911000000,0
contig-1650000000,0
contig-2494000000,0
contig-3139000000,0
contig-2083000000,3
contig-4454000000,0
contig-3409000000,3
contig-4077000000,3
contig-3654000000,3
contig-2195000000,0
contig-3098000000,0
contig-4139000000,3
contig-3857000000,0
contig-1317000000,0
contig-1070000000,0
contig-3044000000,3
contig-1368000000,0
contig-4820000000,3
contig-1654000000,3
contig-4085000000,3
contig-3496000000,0
contig-708000000,0
contig-383000000,0
contig-278000000,0
contig-656000000,0
contig-2158000000,0
contig-4094000000,3
contig-2108000000,0
contig-450000000,0
contig-4377000000,3
contig-3556000000,3
contig-2558000000,0
contig-1318000000,0
contig-1869000000,3
contig-1604000000,0
contig-2581000000,0
contig-3391000000,0
contig-4389000000,3
contig-3561000000,3
contig-1705000000,3
contig-2580000000,3
contig-281000000,3
contig-3184000000,3
contig-4349000000,3
contig-3218000000,0
contig-1428000000,0
contig-1575000000,0
contig-2021000000,0
contig-4691000000,3
contig-1986000000,0
contig-1129000000,3
contig-1167000000,3
contig-3377000000,3
contig-1250000000,0
contig-4209000000,3
contig-691000000,0
contig-3070000000,0
contig-676000000,0
contig-3069000000,0
contig-2652000000,0
contig-2770000000,0
contig-2420000000,0
contig-1244000000,0
contig-2573000000,1
contig-3095000000,0
contig-1951000000,0
contig-2439000000,0
contig-3602000000,3
contig-681000000,0
contig-334000000,0
contig-3791000000,3
contig-783000000,0
contig-4761000000,3
contig-1950000000,3
contig-632000000,0
contig-782000000,0
contig-4863000000,3
contig-3294000000,0
contig-2608000000,3
contig-773000000,0
contig-2015000000,0
contig-1855000000,0
contig-3733000000,3
contig-1279000000,3
contig-3055000000,3
contig-193000000,3
contig-3549000000,0
contig-3399000000,3
contig-3974000000,0
contig-4124000000,3
contig-1704000000,0
contig-1113000000,0
contig-2841000000,0
contig-2228000000,0
contig-4565000000,3
contig-1972000000,0
contig-587000000,0
contig-1616000000,0
contig-1653000000,3
contig-2611000000,0
contig-3520000000,0
contig-4527000000,3
contig-1455000000,0
contig-793000000,0
contig-1768000000,3
contig-2803000000,2
contig-734000000,0
contig-4475000000,0
contig-1889000000,0
contig-735000000,3
contig-4057000000,3
contig-3591000000,3
contig-4175000000,3
contig-4883000000,3
contig-1888000000,0
contig-4654000000,3
contig-4204000000,3
contig-2984000000,3
contig-1333000000,0
contig-4500000000,3
contig-3830000000,0
contig-1555000000,0
contig-3522000000,3
contig-4512000000,3
contig-4769000000,3
contig-2469000000,0
contig-1373000000,3
contig-4299000000,3
contig-3753000000,0
contig-3198000000,0
contig-3548000000,0
contig-3521000000,3
contig-2971000000,3
contig-3157000000,0
contig-1096000000,0
contig-778000000,0
contig-3164000000,3
contig-1061000000,0
contig-1785000000,0
contig-2301000000,0
contig-950000000,0
contig-4700000000,3
contig-4296000000,3
contig-546000000,0
contig-3289000000,0
contig-1448000000,0
contig-714000000,0
contig-3271000000,3
contig-224000000,3
contig-2778000000,3
contig-3013000000,0
contig-302000000,0
contig-3756000000,0
contig-3683000000,0
contig-4477000000,3
contig-1356000000,3
contig-4226000000,3
contig-3176000000,3
contig-3493000000,3
contig-1761000000,3
contig-3434000000,3
contig-2879000000,0
contig-3596000000,3
contig-4756000000,3
contig-4540000000,3
contig-2065000000,0
contig-1324000000,0
contig-1048000000,0
contig-1697000000,0
contig-1937000000,0
contig-3610000000,3
contig-4613000000,0
contig-492000000,0
contig-502000000,0
contig-3884000000,3
contig-4363000000,3
contig-182000000,0
contig-3543000000,0
contig-3757000000,0
contig-4555000000,0
contig-345000000,0
contig-4248000000,3
contig-112000000,1
contig-4680000000,3
contig-4753000000,3
contig-2523000000,0
contig-612000000,0
contig-2034000000,0
contig-3878000000,0
contig-536000000,1
contig-4935000000,1
contig-4171000000,3
contig-3195000000,3
contig-2492000000,0
contig-1172000000,3
contig-2130000000,3
contig-4874000000,3
contig-147000000,0
contig-3113000000,3
contig-3631000000,3
contig-4557000000,3
contig-1982000000,3
contig-3891000000,3
contig-713000000,0
contig-3892000000,3
contig-1537000000,0
contig-2892000000,0
contig-3659000000,3
contig-4536000000,3
contig-328000000,0
contig-2533000000,3
contig-657000000,0
contig-2088000000,3
contig-1164000000,0
contig-644000000,0
contig-2093000000,3
contig-4681000000,3
contig-1208000000,0
contig-45000000,2
contig-2842000000,3
contig-3217000000,0
contig-378000000,2
contig-3048000000,0
contig-4603000000,3
contig-4679000000,3
contig-637000000,0
contig-2309000000,0
contig-958000000,0
contig-4543000000,2
contig-2059000000,3
contig-3387000000,3
contig-665000000,0
contig-2957000000,0
contig-2684000000,0
contig-1612000000,0
contig-2092000000,0
contig-1422000000,0
contig-3045000000,3
contig-567000000,0
contig-1748000000,0
contig-3299000000,3
contig-2722000000,3
contig-1715000000,0
contig-1105000000,0
contig-422000000,0
contig-4134000000,3
contig-2773000000,3
contig-447000000,0
contig-3949000000,3
contig-3094000000,3
contig-3589000000,3
contig-3360000000,3
contig-3839000000,3
contig-1621000000,3
contig-3406000000,0
contig-515000000,0
contig-3417000000,3
contig-200000000,2
contig-2970000000,0
contig-1031000000,0
contig-4253000000,3
contig-1351000000,0
contig-3154000000,0
contig-201000000,0
contig-2751000000,3
contig-455000000,0
contig-4405000000,3
contig-1350000000,0
contig-3657000000,3
contig-1747000000,0
contig-60000000,1
contig-635000000,0
contig-2859000000,0
contig-2425000000,3
contig-474000000,0
contig-3815000000,3
contig-630000000,0
contig-4806000000,3
contig-477000000,0
contig-4263000000,0
contig-263000000,0
contig-1402000000,0
contig-3110000000,3
contig-821000000,0
contig-3605000000,3
contig-4252000000,3
contig-1050000000,3
contig-2444000000,0
contig-2344000000,3
contig-1049000000,0
contig-3867000000,3
contig-1445000000,0
contig-3818000000,0
contig-592000000,1
contig-3361000000,0
contig-1590000000,3
contig-188000000,0
contig-3653000000,0
contig-2998000000,0
contig-2543000000,0
contig-864000000,0
contig-2737000000,3
contig-3615000000,0
contig-4222000000,3
contig-4847000000,3
contig-3100000000,0
contig-2095000000,0
contig-462000000,0
contig-3718000000,0
contig-747000000,0
contig-902000000,0
contig-2331000000,0
contig-1470000000,3
contig-1655000000,0
contig-4642000000,3
contig-1845000000,0
contig-4473000000,3
contig-2785000000,3
contig-953000000,0
contig-2302000000,3
contig-4095000000,0
contig-4165000000,3
contig-3916000000,3
contig-4622000000,3
contig-2311000000,3
contig-1870000000,3
contig-1171000000,0
contig-4803000000,3
contig-2678000000,3
contig-2893000000,0
contig-1152000000,0
contig-1190000000,0
contig-4594000000,3
contig-3239000000,0
contig-2150000000,0
contig-971000000,0
contig-2672000000,0
contig-4791000000,3
contig-4595000000,3
contig-3730000000,0
contig-3018000000,0
contig-4635000000,3
contig-349000000,0
contig-407000000,3
contig-3350000000,3
contig-3046000000,0
contig-652000000,3
contig-4558000000,3
contig-4005000000,0
contig-1019000000,0
contig-1728000000,0
contig-1844000000,0
contig-227000000,0
contig-4657000000,3
contig-2816000000,3
contig-4318000000,3
contig-4153000000,0
contig-2809000000,0
contig-120000000,0
contig-3936000000,3
contig-4699000000,3
contig-183000000,0
contig-35000000,2
contig-1128000000,0
contig-3275000000,0
contig-2619000000,3
contig-1137000000,0
contig-1082000000,3
contig-3384000000,3
contig-2386000000,3
contig-1797000000,3
contig-1104000000,3
contig-132000000,3
contig-2478000000,3
contig-1718000000,0
contig-1796000000,3
contig-163000000,0
contig-2602000000,0
contig-2704000000,3
contig-1528000000,0
contig-2506000000,0
contig-3544000000,0
contig-3833000000,0
contig-2653000000,3
contig-3509000000,3
contig-917000000,3
contig-1417000000,3
contig-14000000,1
contig-1178000000,0
contig-2064000000,0
contig-4276000000,3
contig-4537000000,3
contig-4790000000,3
contig-67000000,1
contig-3248000000,3
contig-4873000000,3
contig-4101000000,3
contig-4469000000,2
contig-3340000000,3
contig-4287000000,0
contig-3204000000,0
contig-2362000000,0
contig-4463000000,3
contig-595000000,0
contig-2091000000,0
contig-559000000,1
contig-4774000000,3
contig-4027000000,3
contig-898000000,0
contig-2717000000,0
contig-3726000000,3
contig-1485000000,0
contig-3144000000,0
contig-1436000000,0
contig-892000000,0
contig-981000000,0
contig-3975000000,0
contig-703000000,0
contig-3211000000,0
contig-1842000000,3
contig-1535000000,2
contig-1760000000,0
contig-3691000000,3
contig-4332000000,0
contig-36000000,1
contig-4164000000,0
contig-1858000000,0
contig-932000000,0
contig-4495000000,0
contig-776000000,3
contig-164000000,0
contig-4706000000,3
contig-3089000000,3
contig-4070000000,3
contig-3458000000,0
contig-815000000,1
contig-3950000000,3
contig-3859000000,3
contig-2457000000,3
contig-1640000000,0
contig-2277000000,0
contig-2062000000,0
contig-2711000000,3
contig-2147000000,0
contig-1491000000,0
contig-363000000,3
contig-4400000000,0
contig-4727000000,3
contig-3428000000,0
contig-3986000000,3
contig-400000000,3
contig-3854000000,3
contig-4894000000,2
contig-3035000000,0
contig-401000000,0
contig-1613000000,0
contig-1267000000,0
contig-90000000,0
contig-496000000,3
contig-4018000000,3
contig-51000000,1
contig-3178000000,3
contig-3499000000,0
contig-1838000000,0
contig-2203000000,3
contig-1210000000,0
contig-2440000000,0
contig-2723000000,0
contig-3300000000,0
contig-986000000,0
contig-2215000000,0
contig-1572000000,0
contig-751000000,0
contig-2249000000,0
contig-4044000000,3
contig-841000000,0
contig-2562000000,0
contig-820000000,0
contig-4055000000,0
contig-1523000000,0
contig-3492000000,3
contig-58000000,1
contig-2912000000,0
contig-4867000000,3
contig-693000000,0
contig-4068000000,0
contig-3489000000,3
contig-3314000000,0
contig-4214000000,3
contig-937000000,0
contig-459000000,0
contig-2364000000,0
contig-458000000,0
contig-3952000000,3
contig-1501000000,0
contig-3323000000,0
contig-646000000,0
contig-2687000000,3
contig-1496000000,3
contig-1423000000,0
contig-4251000000,3
contig-2111000000,0
contig-4061000000,1
contig-186000000,0
contig-4205000000,0
contig-2844000000,0
contig-1055000000,0
contig-4886000000,3
contig-4357000000,3
contig-3034000000,3
contig-3853000000,0
contig-3663000000,0
contig-1817000000,0
contig-4249000000,0
contig-2470000000,0
contig-1586000000,3
contig-3917000000,1
contig-1811000000,3
contig-2152000000,3
contig-2805000000,0
contig-931000000,0
contig-1507000000,0
contig-4589000000,3
contig-2407000000,3
contig-3537000000,3
contig-4896000000,3
contig-3058000000,3
contig-1835000000,0
contig-4102000000,0
contig-3977000000,0
contig-597000000,0
contig-1362000000,0
contig-1709000000,3
contig-4696000000,3
contig-2187000000,0
contig-2094000000,0
contig-4180000000,3
contig-1393000000,0
contig-2282000000,0
contig-1567000000,0
contig-2484000000,3
contig-3138000000,3
contig-2330000000,0
contig-903000000,0
contig-3443000000,3
contig-4517000000,3
contig-2568000000,0
contig-2528000000,0
contig-672000000,0
contig-3014000000,0
contig-1828000000,0
contig-99000000,1
contig-4415000000,3
contig-1892000000,0
contig-2387000000,1
contig-4305000000,1
contig-1414000000,0
contig-1974000000,0
contig-1248000000,0
contig-3608000000,3
contig-4933000000,2
contig-816000000,3
contig-2269000000,3
contig-3279000000,3
contig-1242000000,0
contig-397000000,0
contig-589000000,2
contig-4294000000,0
contig-867000000,0
contig-2540000000,3
contig-777000000,0
contig-2969000000,3
contig-2172000000,0
contig-1542000000,0
contig-2639000000,3
contig-3051000000,3
contig-4152000000,0
contig-1132000000,0
contig-4230000000,3
contig-3970000000,3
contig-3766000000,0
contig-1978000000,0
contig-4233000000,3
contig-3687000000,3
contig-3414000000,0
contig-3598000000,0
contig-4315000000,0
contig-3633000000,3
contig-4440000000,3
contig-1236000000,0
contig-4219000000,3
contig-2870000000,3
contig-2225000000,0
contig-1326000000,0
contig-1229000000,3
contig-835000000,0
contig-4106000000,3
contig-1956000000,2
contig-3808000000,3
contig-750000000,3
contig-4361000000,3
contig-3263000000,0
contig-4047000000,0
contig-4079000000,0
contig-795000000,0
contig-2076000000,0
contig-2798000000,3
contig-4581000000,3
contig-1757000000,3
contig-1750000000,3
contig-1263000000,0
contig-2739000000,3
contig-91000000,1
contig-1874000000,0
contig-1220000000,0
contig-825000000,3
contig-2831000000,0
contig-1925000000,0
contig-4009000000,0
contig-396000000,3
contig-3807000000,3
contig-581000000,0
contig-2137000000,0
contig-3033000000,3
contig-66000000,1
contig-1291000000,0
contig-1369000000,3
contig-3614000000,0
contig-1764000000,3
contig-799000000,0
contig-2539000000,0
contig-4258000000,0
contig-4024000000,0
contig-1691000000,0
contig-4759000000,3
contig-3358000000,0
contig-733000000,0
contig-1547000000,0
contig-399000000,0
contig-1642000000,0
contig-1585000000,0
contig-2374000000,3
contig-146000000,0
contig-4684000000,3
contig-576000000,0
contig-1975000000,0
contig-1347000000,0
contig-4625000000,0
contig-306000000,0
contig-3563000000,3
contig-619000000,0
contig-498000000,0
contig-1854000000,0
contig-3172000000,3
contig-4071000000,3
contig-1641000000,0
contig-2908000000,0
contig-2077000000,0
contig-1676000000,3
contig-2790000000,3
contig-3180000000,0
contig-1924000000,0
contig-2008000000,0
contig-3675000000,3
contig-1308000000,0
contig-3084000000,0
contig-2102000000,3
contig-690000000,0
contig-653000000,0
contig-1541000000,0
contig-1717000000,0
contig-368000000,3
contig-2520000000,3
contig-3744000000,3
contig-2097000000,0
contig-1879000000,3
contig-1847000000,0
contig-673000000,3
contig-3096000000,0
contig-2145000000,3
contig-3461000000,0
contig-3066000000,3
contig-4116000000,0
contig-2866000000,1
contig-3722000000,0
contig-1840000000,3
contig-1033000000,3
contig-4331000000,3
contig-919000000,0
contig-2348000000,0
contig-4320000000,3
contig-3325000000,0
contig-1917000000,0
contig-1633000000,0
contig-2689000000,0
contig-2286000000,0
contig-1843000000,3
contig-1573000000,0
contig-2800000000,0
contig-364000000,1
contig-192000000,0
contig-2607000000,0
contig-2053000000,3
contig-362000000,0
contig-3536000000,3
contig-1834000000,3
contig-2630000000,0
contig-2126000000,0
contig-2960000000,0
contig-3011000000,0
contig-3580000000,3
contig-342000000,0
contig-299000000,0
contig-4376000000,0
contig-1204000000,0
contig-3599000000,0
contig-2253000000,3
contig-802000000,0
contig-2426000000,0
contig-4607000000,3
contig-3843000000,2
contig-415000000,3
contig-1690000000,0
contig-2649000000,3
contig-2616000000,0
contig-2925000000,3
contig-308000000,0
contig-1444000000,2
contig-2889000000,0
contig-1344000000,0
contig-2578000000,3
contig-3257000000,0
contig-2016000000,0
contig-1841000000,0
contig-4893000000,3
contig-3120000000,0
contig-3716000000,1
contig-1779000000,3
contig-4359000000,3
contig-4416000000,3
contig-1702000000,3
contig-1202000000,3
contig-1472000000,0
contig-1077000000,0
contig-265000000,3
contig-56000000,2
contig-3250000000,3
contig-1665000000,0
contig-3601000000,0
contig-3624000000,3
contig-519000000,0
contig-814000000,0
contig-1740000000,0
contig-3150000000,0
contig-3112000000,3
contig-3564000000,3
contig-4035000000,3
contig-513000000,0
contig-3233000000,1
contig-3565000000,0
contig-1150000000,3
contig-369000000,0
contig-4585000000,3
contig-2846000000,0
contig-4758000000,3
contig-2117000000,0
contig-869000000,0
contig-3476000000,3
contig-290000000,0
contig-2529000000,0
contig-2013000000,0
contig-3210000000,0
contig-2421000000,0
contig-269000000,3
contig-2483000000,0
contig-229000000,0
contig-3811000000,3
contig-4282000000,3
contig-2628000000,3
contig-2776000000,3
contig-1017000000,0
contig-4643000000,3
contig-2075000000,0
contig-1325000000,0
contig-2781000000,0
contig-1957000000,3
contig-419000000,3
contig-3373000000,0
contig-3647000000,0
contig-3552000000,1
contig-207000000,0
contig-4215000000,3
contig-1341000000,0
contig-3674000000,0
contig-4609000000,3
contig-3746000000,0
contig-1659000000,0
contig-37000000,1
contig-1619000000,0
contig-4915000000,1
contig-4144000000,3
contig-3906000000,3
contig-480000000,0
contig-1390000000,0
contig-572000000,0
contig-4942000000,1
contig-4004000000,3
contig-2036000000,0
contig-4457000000,3
contig-1735000000,0
contig-2453000000,0
contig-2733000000,0
contig-2629000000,0
contig-3232000000,3
contig-2516000000,0
contig-853000000,0
contig-3770000000,3
contig-2044000000,0
contig-243000000,3
contig-4278000000,0
contig-4259000000,3
contig-3689000000,0
contig-187000000,0
contig-732000000,0
contig-4871000000,3
contig-1114000000,0
contig-126000000,0
contig-4668000000,3
contig-622000000,0
contig-3212000000,3
contig-1767000000,0
contig-4824000000,3
contig-4671000000,3
contig-70000000,0
contig-4228000000,2
contig-2858000000,0
contig-1741000000,3
contig-4390000000,3
contig-4185000000,0
contig-4275000000,0
contig-2509000000,3
contig-2990000000,0
contig-1518000000,0
contig-4488000000,3
contig-2213000000,3
contig-264000000,1
contig-1569000000,3
contig-3050000000,0
contig-3734000000,0
contig-4810000000,3
contig-550000000,0
contig-1913000000,3
contig-222000000,3
contig-2136000000,0
contig-3685000000,0
contig-4551000000,3
contig-4145000000,0
contig-3077000000,3
contig-488000000,0
contig-4010000000,3
contig-245000000,3
contig-3203000000,0
contig-2501000000,3
contig-4916000000,1
contig-2160000000,0
contig-2307000000,0
contig-956000000,0
contig-2869000000,3
contig-2081000000,0
contig-1714000000,0
contig-2814000000,0
contig-1878000000,0
contig-3535000000,3
contig-4241000000,3
contig-3607000000,0
contig-3512000000,0
contig-4169000000,0
contig-3888000000,3
contig-1730000000,0
contig-3717000000,3
contig-2691000000,3
contig-1993000000,0
contig-1084000000,0
contig-1971000000,0
contig-3337000000,0
contig-4080000000,3
contig-411000000,0
contig-3837000000,0
contig-2753000000,0
contig-2497000000,0
contig-530000000,3
contig-1498000000,0
contig-913000000,0
contig-2342000000,0
contig-3374000000,3
contig-4798000000,3
contig-23000000,2
contig-4272000000,3
contig-1829000000,0
contig-4417000000,3
contig-71000000,0
contig-1003000000,0
contig-2906000000,0
contig-2940000000,3
contig-2961000000,3
contig-4420000000,3
contig-1038000000,3
contig-4130000000,0
contig-2808000000,0
contig-3912000000,3
contig-1088000000,0
contig-2192000000,0
contig-1023000000,2
contig-3899000000,0
contig-213000000,0
contig-1790000000,0
contig-555000000,0
contig-3810000000,3
contig-228000000,1
contig-2910000000,0
contig-2713000000,3
contig-2031000000,0
contig-4281000000,3
contig-2860000000,3
contig-34000000,3
contig-1895000000,3
contig-2552000000,0
contig-2030000000,0
contig-55000000,1
contig-3179000000,3
contig-127000000,3
contig-832000000,1
contig-1998000000,3
contig-3173000000,3
contig-4714000000,3
contig-749000000,0
contig-1758000000,0
contig-437000000,0
contig-4160000000,0
contig-11000000,1
contig-3585000000,3
contig-3296000000,0
contig-3895000000,0
contig-1424000000,0
contig-4931000000,2
contig-3658000000,3
contig-1076000000,0
contig-2622000000,3
contig-1471000000,0
contig-824000000,0
contig-553000000,0
contig-3804000000,0
contig-3579000000,3
contig-2442000000,0
contig-4410000000,3
contig-3286000000,0
contig-3873000000,3
contig-84000000,0
contig-3433000000,3
contig-1663000000,0
contig-2450000000,0
contig-1056000000,0
contig-1497000000,0
contig-4108000000,3
contig-297000000,0
contig-3452000000,3
contig-3039000000,0
contig-2220000000,0
contig-4023000000,0
contig-140000000,0
contig-3918000000,3
contig-973000000,0
contig-2670000000,3
contig-3959000000,0
contig-101000000,0
contig-4399000000,3
contig-2207000000,0
contig-3430000000,3
contig-4550000000,3
contig-4695000000,3
contig-1894000000,0
contig-1283000000,0
contig-845000000,0
contig-927000000,0
contig-1146000000,0
contig-2885000000,3
contig-1409000000,0
contig-2298000000,0
contig-3913000000,0
contig-499000000,0
contig-2874000000,3
contig-206000000,0
contig-2992000000,0
contig-176000000,0
contig-4063000000,3
contig-432000000,0
contig-3318000000,3
contig-3933000000,0
contig-2360000000,3
contig-933000000,0
contig-1859000000,0
contig-2754000000,0
contig-4045000000,3
contig-2288000000,3
contig-438000000,0
contig-3312000000,0
contig-2263000000,0
contig-2435000000,3
contig-2755000000,3
contig-2658000000,0
contig-1595000000,3
contig-3898000000,0
contig-2926000000,3
contig-2106000000,0
contig-3256000000,0
contig-2683000000,0
contig-1435000000,0
contig-4719000000,0
contig-1799000000,0
contig-4065000000,3
contig-3642000000,3
contig-728000000,0
contig-4003000000,3
contig-4109000000,0
contig-1051000000,3
contig-470000000,0
contig-4841000000,3
contig-246000000,0
contig-3395000000,0
contig-1526000000,3
contig-476000000,1
contig-3366000000,3
contig-4872000000,3
contig-2688000000,3
contig-1815000000,0
contig-434000000,0
contig-2614000000,0
contig-3416000000,0
contig-4813000000,3
contig-3379000000,3
contig-4829000000,3
contig-2697000000,3
contig-990000000,0
contig-2289000000,0
contig-989000000,3
contig-1000000000,3
contig-4348000000,3
contig-4398000000,3
contig-1131000000,0
contig-4576000000,3
contig-4301000000,3
contig-3571000000,0
contig-2647000000,0
contig-3333000000,3
contig-3972000000,3
contig-291000000,0
contig-890000000,0
contig-2486000000,0
contig-2801000000,0
contig-1182000000,3
contig-2923000000,3
contig-534000000,0
contig-627000000,3
contig-2617000000,3
contig-1866000000,3
contig-2262000000,0
contig-2376000000,0
contig-4197000000,3
contig-1865000000,3
contig-4913000000,1
contig-2233000000,0
contig-2463000000,0
contig-4765000000,3
contig-1231000000,0
contig-3000000,2
contig-3202000000,3
contig-4632000000,3
contig-3459000000,0
contig-3583000000,3
contig-4464000000,3
contig-38000000,1
contig-740000000,0
contig-2802000000,3
contig-4789000000,3
contig-4313000000,3
contig-2242000000,3
contig-831000000,3
contig-4135000000,0
contig-812000000,0
contig-988000000,0
contig-2677000000,0
contig-974000000,0
contig-93000000,1
contig-2120000000,0
contig-975000000,0
contig-2676000000,0
contig-4523000000,2
contig-4734000000,3
contig-863000000,3
contig-2544000000,0
contig-705000000,0
contig-3288000000,3
contig-4780000000,3
contig-3351000000,0
contig-1073000000,0
contig-2246000000,3
contig-1766000000,3
contig-2655000000,0
contig-1136000000,0
contig-2118000000,3
contig-4844000000,3
contig-338000000,2
contig-3507000000,3
contig-3438000000,3
contig-1269000000,3
contig-4731000000,3
contig-4750000000,3
contig-4319000000,3
contig-3421000000,0
contig-4647000000,3
contig-868000000,0
contig-1791000000,0
contig-3027000000,3
contig-942000000,0
contig-877000000,3
contig-4020000000,0
contig-2392000000,0
contig-1187000000,3
contig-2567000000,0
contig-844000000,0
contig-1145000000,0
contig-2393000000,0
contig-484000000,0
contig-4382000000,0
contig-4244000000,3
contig-3075000000,0
contig-343000000,0
contig-3456000000,0
contig-2855000000,0
contig-3516000000,3
contig-2491000000,2
contig-1503000000,0
contig-3995000000,3
contig-4853000000,0
contig-838000000,0
contig-1224000000,0
contig-216000000,0
contig-4123000000,0
contig-1963000000,0
contig-2121000000,0
contig-1751000000,3
contig-1960000000,0
contig-1557000000,0
contig-1295000000,3
contig-1824000000,0
contig-3482000000,0
contig-4922000000,2
contig-3872000000,3
contig-1181000000,0
contig-3082000000,3
contig-3962000000,0
contig-2105000000,0
contig-3101000000,3
contig-2583000000,0
contig-1581000000,0
contig-1836000000,3
contig-1543000000,3
contig-2718000000,0
contig-897000000,0
contig-4906000000,1
contig-4546000000,3
contig-896000000,3
contig-2719000000,0
contig-4312000000,3
contig-1671000000,0
contig-2343000000,0
contig-912000000,0
contig-312000000,0
contig-2618000000,0
contig-3474000000,0
contig-1110000000,3
contig-3278000000,3
contig-4029000000,3
contig-1425000000,0
contig-3617000000,0
contig-4383000000,3
contig-2876000000,0
contig-1738000000,3
contig-3049000000,3
contig-3528000000,3
contig-2141000000,0
contig-3277000000,2
contig-3088000000,3
contig-3032000000,0
contig-2402000000,3
contig-3352000000,0
contig-2749000000,0
contig-3132000000,0
contig-887000000,0
contig-3385000000,0
contig-4837000000,3
contig-3998000000,0
contig-256000000,0
contig-2462000000,3
contig-3858000000,3
contig-2281000000,0
contig-89000000,0
contig-2218000000,0
contig-2955000000,0
contig-4919000000,1
contig-88000000,1
contig-2898000000,0
contig-2002000000,3
contig-3152000000,0
contig-4717000000,3
contig-3575000000,3
contig-4161000000,3
contig-4335000000,3
contig-3768000000,3
contig-1240000000,0
contig-2928000000,3
contig-1637000000,0
contig-173000000,0
contig-2313000000,0
contig-2456000000,3
contig-2534000000,0
contig-1272000000,3
contig-3194000000,0
contig-2292000000,3
contig-695000000,3
contig-3357000000,0
contig-4777000000,3
contig-3415000000,0
contig-366000000,0
contig-3540000000,3
contig-3955000000,3
contig-4850000000,3
contig-4928000000,1
contig-4431000000,0
contig-4325000000,0
contig-4501000000,3
contig-3471000000,0
contig-1955000000,0
contig-1200000000,0
contig-1504000000,0
contig-938000000,0
contig-3529000000,0
contig-608000000,3
contig-939000000,3
contig-1505000000,0
contig-3083000000,3
contig-1024000000,0
contig-2206000000,0
contig-797000000,3
contig-231000000,1
contig-3005000000,0
contig-3559000000,3
contig-995000000,0
contig-2692000000,3
contig-377000000,3
contig-2974000000,3
contig-1622000000,0
contig-374000000,0
contig-726000000,3
contig-1922000000,3
contig-760000000,0
contig-1887000000,2
contig-741000000,0
contig-3477000000,0
contig-2046000000,0
contig-969000000,0
contig-1884000000,0
contig-4346000000,3
contig-1532000000,3
contig-2559000000,0
contig-4371000000,3
contig-1807000000,0
contig-1294000000,3
contig-4830000000,3
contig-730000000,0
contig-4218000000,3
contig-1177000000,0
contig-1645000000,3
contig-3019000000,3
contig-1902000000,3
contig-2741000000,3
contig-4064000000,0
contig-4256000000,3
contig-2168000000,0
contig-2982000000,0
contig-4455000000,3
contig-3991000000,3
contig-4328000000,3
contig-1441000000,0
contig-4849000000,3
contig-1923000000,0
contig-1300000000,3
contig-3057000000,3
contig-1603000000,0
contig-1013000000,0
contig-456000000,3
contig-578000000,0
contig-390000000,0
contig-649000000,0
contig-4425000000,0
contig-4238000000,3
contig-4521000000,3
contig-1672000000,3
contig-4904000000,1
contig-3000000000,0
contig-2474000000,0
contig-1345000000,1
contig-1247000000,0
contig-1406000000,3
contig-3382000000,3
contig-4401000000,0
contig-3554000000,0
contig-279000000,0
contig-1108000000,0
contig-1246000000,3
contig-4148000000,3
contig-613000000,0
contig-1562000000,0
contig-1394000000,0
contig-3407000000,3
contig-382000000,0
contig-2648000000,1
contig-4386000000,0
contig-2321000000,3
contig-872000000,3
contig-522000000,0
contig-1112000000,3
contig-4908000000,1
contig-2897000000,2
contig-4234000000,3
contig-521000000,0
contig-686000000,3
contig-335000000,0
contig-1320000000,3
contig-3893000000,3
contig-4232000000,3
contig-2071000000,0
contig-3006000000,3
contig-2705000000,0
contig-3742000000,3
contig-3061000000,0
contig-4427000000,3
contig-1257000000,3
contig-4212000000,3
contig-1942000000,0
contig-3655000000,0
contig-617000000,0
contig-790000000,0
contig-3511000000,3
contig-1943000000,0
contig-668000000,0
contig-4121000000,3
contig-791000000,0
contig-2820000000,0
contig-961000000,0
contig-706000000,3
contig-2006000000,3
contig-247000000,0
contig-3724000000,0
contig-3068000000,0
contig-3228000000,0
contig-2086000000,3
contig-2329000000,3
contig-321000000,0
contig-1771000000,0
contig-1100000000,3
contig-3174000000,3
contig-4489000000,0
contig-3290000000,0
contig-2082000000,1
contig-128000000,3
contig-1805000000,0
contig-3999000000,3
contig-238000000,1
contig-3800000000,3
contig-2900000000,0
contig-4103000000,2
contig-1027000000,0
contig-532000000,1
contig-3781000000,3
contig-53000000,1
contig-1919000000,0
contig-1734000000,0
contig-1548000000,0
contig-3188000000,0
contig-3586000000,2
contig-3797000000,3
contig-768000000,0
contig-1549000000,0
contig-616000000,0
contig-4239000000,0
contig-4839000000,3
contig-4838000000,3
contig-1225000000,0
contig-839000000,0
contig-511000000,0
contig-4645000000,3
contig-744000000,3
contig-719000000,0
contig-3603000000,0
contig-1360000000,0
contig-4409000000,0
contig-2938000000,0
contig-3187000000,0
contig-541000000,3
contig-3140000000,0
contig-1711000000,0
contig-4225000000,3
contig-1883000000,0
contig-3159000000,0
contig-1754000000,0
contig-1072000000,0
contig-4126000000,3
contig-1519000000,0
contig-925000000,0
contig-1069000000,0
contig-1374000000,0
contig-3189000000,0
contig-1681000000,0
contig-4541000000,0
contig-1012000000,0
contig-3514000000,0
contig-551000000,1
contig-204000000,0
contig-1680000000,0
contig-4821000000,3
contig-1784000000,0
contig-1899000000,0
contig-311000000,0
contig-3547000000,3
contig-2745000000,3
contig-4028000000,1
contig-2518000000,3
contig-1349000000,0
contig-3165000000,3
contig-4822000000,3
contig-4327000000,3
contig-2784000000,0
contig-3517000000,3
contig-699000000,0
contig-1454000000,3
contig-3076000000,3
contig-4723000000,3
contig-3905000000,0
contig-4430000000,0
contig-2098000000,3
contig-1489000000,0
contig-3114000000,0
contig-4600000000,3
contig-2045000000,0
contig-2190000000,0
contig-3897000000,3
contig-4370000000,3
contig-195000000,3
contig-4577000000,3
contig-1438000000,0
contig-604000000,3
contig-4201000000,3
contig-1499000000,3
contig-1693000000,1
contig-605000000,3
contig-1992000000,0
contig-3641000000,3
contig-3280000000,0
contig-3885000000,0
contig-503000000,0
contig-2503000000,3
contig-2901000000,0
contig-2537000000,0
contig-1636000000,0
contig-3900000000,3
contig-486000000,0
contig-4612000000,0
contig-2987000000,3
contig-2854000000,0
contig-4583000000,3
contig-2597000000,3
contig-3890000000,3
contig-600000000,0
contig-296000000,0
contig-2591000000,3
contig-453000000,0
contig-379000000,0
contig-629000000,0
contig-4663000000,3
contig-648000000,0
contig-3234000000,3
contig-1111000000,2
contig-1997000000,3
contig-2027000000,0
contig-2231000000,0
contig-4747000000,3
contig-2080000000,3
contig-1897000000,3
contig-436000000,0
contig-4827000000,3
contig-516000000,0
contig-641000000,0
contig-4832000000,3
contig-624000000,0
contig-517000000,3
contig-810000000,0
contig-232000000,1
contig-2588000000,0
contig-2824000000,0
contig-965000000,0
contig-2922000000,0
contig-1086000000,0
contig-2089000000,1
contig-1431000000,0
contig-3056000000,3
contig-2204000000,0
contig-574000000,3
contig-4131000000,3
contig-1593000000,0
contig-2735000000,0
contig-1138000000,0
contig-3264000000,0
contig-3339000000,0
contig-3701000000,0
contig-3760000000,3
contig-4143000000,3
contig-2706000000,0
contig-472000000,0
contig-4213000000,0
contig-4938000000,1
contig-2632000000,3
contig-282000000,0
contig-560000000,0
contig-1749000000,0
contig-275000000,0
contig-2945000000,3
contig-1004000000,0
contig-1793000000,3
contig-1849000000,3
contig-3143000000,3
contig-274000000,0
contig-2566000000,0
contig-3948000000,3
contig-446000000,0
contig-1410000000,3
contig-2128000000,0
contig-4742000000,3
contig-77000000,2
contig-828000000,0
contig-3929000000,3
contig-623000000,0
contig-4669000000,3
contig-4522000000,3
contig-4629000000,0
contig-7000000,1
contig-2070000000,0
contig-3866000000,0
contig-218000000,3
contig-3820000000,3
contig-3801000000,0
contig-239000000,0
contig-4111000000,0
contig-4754000000,3
contig-4929000000,1
contig-2768000000,0
contig-854000000,0
contig-2511000000,3
contig-1338000000,0
contig-4017000000,0
contig-3870000000,3
contig-248000000,0
contig-4638000000,3
contig-4129000000,3
contig-215000000,0
contig-2637000000,0
contig-2239000000,0
contig-1583000000,0
contig-4184000000,3
contig-2709000000,1
contig-2554000000,3
contig-1495000000,0
contig-2398000000,3
contig-3652000000,0
contig-4784000000,3
contig-3175000000,0
contig-417000000,0
contig-1418000000,0
contig-3273000000,3
contig-754000000,0
contig-915000000,0
contig-1609000000,0
contig-1197000000,0
contig-4735000000,3
contig-3622000000,3
contig-2796000000,3
contig-3841000000,0
contig-926000000,0
contig-1848000000,3
contig-4424000000,3
contig-3909000000,2
contig-4524000000,0
contig-1822000000,0
contig-465000000,0
contig-150000000,3
contig-2880000000,0
contig-1141000000,0
contig-1183000000,0
contig-1081000000,0
contig-2087000000,0
contig-151000000,0
contig-944000000,0
contig-2661000000,0
contig-1080000000,0
contig-785000000,3
contig-4674000000,3
contig-3727000000,3
contig-4487000000,3
contig-3310000000,3
contig-2385000000,3
contig-3671000000,0
contig-212000000,0
contig-1867000000,0
contig-2322000000,3
contig-4166000000,3
contig-3322000000,3
contig-3486000000,0
contig-133000000,0
contig-3119000000,1
contig-3925000000,0
contig-3439000000,3
contig-194000000,0
contig-26000000,1
contig-3240000000,3
contig-2481000000,0
contig-948000000,3
contig-2849000000,0
contig-1270000000,0
contig-3775000000,0
contig-2056000000,0
contig-1120000000,3
contig-2395000000,0
contig-1788000000,0
contig-1139000000,0
contig-3392000000,0
contig-3957000000,0
contig-2888000000,0
contig-4188000000,3
contig-1789000000,0
contig-3928000000,3
contig-170000000,3
contig-4015000000,3
contig-3431000000,0
contig-3595000000,3
contig-2194000000,0
contig-4179000000,3
contig-3846000000,0
contig-1515000000,0
contig-929000000,0
contig-1561000000,0
contig-2433000000,3
contig-4892000000,3
contig-2355000000,3
contig-3765000000,3
contig-4698000000,3
contig-2099000000,0
contig-3118000000,3
contig-677000000,0
contig-2201000000,0
contig-4860000000,0
contig-2917000000,3
contig-4112000000,3
contig-4273000000,3
contig-2232000000,0
contig-82000000,0
contig-4194000000,3
contig-4640000000,2
contig-4646000000,3
contig-4172000000,0
contig-2294000000,3
contig-1742000000,2
contig-4741000000,0
contig-1994000000,0
contig-3889000000,3
contig-4762000000,3
contig-29000000,1
contig-1492000000,0
contig-2454000000,3
contig-3245000000,0
contig-69000000,2
contig-881000000,3
contig-996000000,0
contig-1981000000,0
contig-710000000,0
contig-3740000000,3
contig-4285000000,0
contig-1823000000,0
contig-4713000000,3
contig-4307000000,1
contig-25000000,2
contig-4903000000,1
contig-582000000,0
contig-3533000000,3
contig-4712000000,0
contig-1169000000,0
contig-1478000000,3
contig-3099000000,0
contig-177000000,1
contig-1727000000,3
contig-4268000000,0
contig-339000000,0
contig-4627000000,3
contig-2257000000,3
contig-806000000,0
contig-2264000000,3
contig-3073000000,3
contig-4718000000,3
contig-745000000,3
contig-3796000000,0
contig-4535000000,3
contig-1601000000,3
contig-1284000000,0
contig-720000000,0
contig-4707000000,3
contig-4492000000,3
contig-4441000000,3
contig-2994000000,0
contig-3475000000,0
contig-3317000000,2
contig-4620000000,3
contig-3684000000,0
contig-3040000000,0
contig-3678000000,0
contig-3316000000,3
contig-1278000000,0
contig-2476000000,0
contig-485000000,0
contig-3903000000,3
contig-46000000,2
contig-2857000000,3
contig-240000000,0
contig-2276000000,0
contig-2793000000,3
contig-3346000000,0
contig-4748000000,3
contig-2734000000,0
contig-2951000000,0
contig-3335000000,3
contig-991000000,0
contig-2696000000,3
contig-718000000,3
contig-1565000000,3
contig-764000000,0
contig-4031000000,2
contig-4507000000,3
contig-3410000000,0
contig-2571000000,0
contig-2510000000,0
contig-855000000,3
contig-1556000000,0
contig-4351000000,0
contig-4568000000,3
contig-2871000000,3
contig-684000000,3
contig-1563000000,0
contig-429000000,0
contig-3307000000,0
contig-4438000000,3
contig-3944000000,3
contig-2627000000,3
contig-3487000000,3
contig-4895000000,3
contig-2373000000,0
contig-3214000000,3
contig-3945000000,3
contig-871000000,3
contig-4347000000,3
contig-1980000000,0
contig-633000000,0
contig-2295000000,0
contig-4564000000,3
contig-781000000,0
contig-1430000000,0
contig-4242000000,3
contig-3856000000,3
contig-2378000000,0
contig-4054000000,3
contig-191000000,1
contig-2596000000,0
contig-495000000,0
contig-4628000000,3
contig-3041000000,0
contig-3670000000,3
contig-1862000000,3
contig-1115000000,3
contig-3568000000,3
contig-805000000,3
contig-3969000000,0
contig-3908000000,1
contig-1864000000,0
contig-1588000000,0
contig-2526000000,0
contig-1538000000,0
contig-2363000000,1
contig-333000000,0
contig-4881000000,3
contig-3065000000,3
contig-1800000000,0
contig-3518000000,3
contig-3004000000,0
contig-2285000000,0
contig-3699000000,3
contig-3964000000,1
contig-1927000000,0
contig-2631000000,3
contig-3105000000,0
contig-3795000000,3
contig-1357000000,0
contig-721000000,3
contig-1559000000,3
contig-100000000,0
contig-3375000000,3
contig-1384000000,0
contig-1948000000,0
contig-2153000000,0
contig-3729000000,3
contig-386000000,0
contig-2345000000,0
contig-914000000,0
contig-3450000000,0
contig-596000000,0
contig-876000000,3
contig-4675000000,3
contig-329000000,0
contig-1222000000,0
contig-661000000,0
contig-4394000000,3
contig-4921000000,1
contig-3021000000,3
contig-2412000000,0
contig-86000000,2
contig-4385000000,3
contig-1273000000,0
contig-4236000000,3
contig-2394000000,0
contig-2762000000,0
contig-543000000,0
contig-3444000000,3
contig-3253000000,3
contig-451000000,0
contig-2216000000,0
contig-3954000000,3
contig-1188000000,3
contig-2254000000,0
contig-2208000000,0
contig-1251000000,0
contig-4785000000,0
contig-1189000000,3
contig-3276000000,0
contig-2738000000,3
contig-2557000000,3
contig-285000000,0
contig-702000000,3
