-4.43416244e+00,-4.96340326e+00,-4.90424266e+00,-5.06084344e+00,-5.27896139e+00,-6.09152656e+00,-5.40109889e+00,-5.33561454e+00,-5.04861903e+00,-5.57236572e+00,-4.88669257e+00,-5.03564497e+00,-5.09508461e+00,-5.32853093e+00,-4.82847842e+00,-5.20925150e+00,-5.60317440e+00,-5.88349211e+00,-5.68442261e+00,-5.37960584e+00,-5.91585165e+00,-5.53456727e+00,-5.21996134e+00,-5.05777875e+00,-5.18380000e+00,-5.01909445e+00,-4.68946125e+00,-4.97062221e+00,-5.01932677e+00,-4.52610002e+00,-4.87641760e+00,-5.00074142e+00,-5.39737754e+00,-5.31238761e+00,-5.75076369e+00,-5.74750767e+00,-5.77941939e+00,-4.97160451e+00,-5.04797847e+00,-5.21732919e+00,-4.82858585e+00,-4.72760504e+00,-5.72413553e+00,-4.54835042e+00,-4.85310932e+00,-5.01888707e+00,-5.25620475e+00,-5.26618856e+00,-6.24895449e+00,-5.34099686e+00,-5.60749432e+00,-4.67712008e+00,-5.87130986e+00,-4.59291360e+00,-4.65812258e+00,-5.02103369e+00,-4.51860087e+00,-5.17195837e+00,-5.57057599e+00,-6.33008735e+00,-6.09697803e+00,-6.39336205e+00,-5.51665152e+00,-5.36770655e+00,-6.07476083e+00,-6.06504794e+00,-5.75861107e+00,-5.25166032e+00,-5.11649784e+00,-5.33389167e+00,-6.80443573e+00,-7.03338979e+00,-5.50073963e+00,-4.88947249e+00,-4.64619538e+00,-5.23401486e+00,-5.30811945e+00,-4.75544395e+00,-4.91776698e+00,-4.66191890e+00,-4.81589828e+00,-5.49219094e+00,-5.23824647e+00,-5.28850926e+00,-5.11167416e+00,-4.88928190e+00,-5.11999750e+00,-4.71192881e+00,-5.25728126e+00,-4.34073139e+00,-4.41728680e+00,-5.06439420e+00,-5.21064876e+00,-4.90827560e+00,-5.04561626e+00,-5.22650907e+00,-4.48991766e+00,-4.64020296e+00,-4.61684629e+00,-5.18803775e+00,-4.77723524e+00,-4.73025699e+00,-4.43517579e+00,-5.14977477e+00,-4.86049249e+00,-4.73316722e+00,-4.52854576e+00,-4.80718118e+00,-5.29396150e+00,-5.89543652e+00,-5.00422732e+00,-4.79549253e+00,-4.61919315e+00,-4.53794022e+00,-5.08633514e+00,-4.76057004e+00,-4.51409099e+00,-5.01430946e+00,-4.38696243e+00,-3.95928274e+00,-4.68950675e+00,-4.10151928e+00,-4.18963243e+00,-3.95575440e+00,-4.62096607e+00,-3.68878328e+00,-5.04481007e+00,-5.60200131e+00,-4.71012148e+00,-4.69034623e+00,-8.62313836e+00,-4.75539487e+00,-4.63454782e+00,-4.41829742e+00,-4.78798094e+00,-4.82791464e+00,-2.38364004e+00,-3.22444613e+00,-2.59949415e+00,-6.94948209e+00,-4.18084254e+00,-4.28683970e+00,-2.66228056e+00,-5.08537711e+00,-5.95281910e+00,-2.35577699e+00,-2.45096769e+00,-2.75486212e+00,-5.61242481e+00,-3.06898098e+00,-3.13551990e+00,-6.11379079e+00,3.11405210e+00
-4.76354736e+00,-5.21615963e+00,-5.06780459e+00,-5.10241507e+00,-5.50305686e+00,-6.32903769e+00,-5.59559864e+00,-5.32801620e+00,-5.11230896e+00,-5.52572165e+00,-4.82555710e+00,-4.94870037e+00,-5.14127914e+00,-5.37922542e+00,-4.81540086e+00,-5.02723451e+00,-5.78138643e+00,-6.08647749e+00,-5.84815617e+00,-5.41787209e+00,-6.28727613e+00,-5.71957123e+00,-5.25945769e+00,-5.13218441e+00,-5.28444553e+00,-5.01959448e+00,-4.73403718e+00,-4.99088905e+00,-5.18034184e+00,-4.47909061e+00,-4.92669642e+00,-5.04834653e+00,-5.51478947e+00,-5.27686225e+00,-5.86993119e+00,-5.89357818e+00,-5.49612719e+00,-4.97581722e+00,-4.97092576e+00,-5.13377470e+00,-4.75927891e+00,-4.75685391e+00,-5.70333803e+00,-4.42444955e+00,-4.76367415e+00,-5.21746029e+00,-5.30694246e+00,-5.36647830e+00,-6.33244823e+00,-5.27063613e+00,-5.64248975e+00,-4.53853523e+00,-5.94549253e+00,-4.37114277e+00,-4.52227385e+00,-5.04343926e+00,-4.45279077e+00,-5.11135587e+00,-5.81551748e+00,-6.40005144e+00,-6.20901724e+00,-6.44447705e+00,-5.66501024e+00,-5.46902261e+00,-6.13829186e+00,-6.04689762e+00,-6.03688958e+00,-5.63475908e+00,-5.06151419e+00,-5.36908041e+00,-7.09323215e+00,-7.19669086e+00,-5.68248699e+00,-5.17832654e+00,-4.66194429e+00,-5.26803278e+00,-5.36894995e+00,-4.85691202e+00,-4.95620562e+00,-4.40175729e+00,-4.77067535e+00,-5.64498701e+00,-5.13487518e+00,-5.50296113e+00,-5.00463136e+00,-5.01381959e+00,-5.06615585e+00,-4.60200784e+00,-5.55957932e+00,-4.30318343e+00,-4.40811306e+00,-5.02686763e+00,-5.14488160e+00,-4.95836678e+00,-5.13195527e+00,-4.97634296e+00,-4.28593044e+00,-4.42033392e+00,-4.41961862e+00,-5.03114849e+00,-4.57187715e+00,-4.63240920e+00,-4.47319896e+00,-5.24597727e+00,-4.78460865e+00,-4.60454196e+00,-4.25587730e+00,-4.61904996e+00,-5.32683448e+00,-6.07180471e+00,-4.93875426e+00,-4.83341280e+00,-4.72796977e+00,-4.20289322e+00,-4.82637846e+00,-4.72986260e+00,-4.65960145e+00,-4.97283010e+00,-4.27531105e+00,-3.76790181e+00,-4.80475027e+00,-4.10720324e+00,-4.12252896e+00,-3.83935178e+00,-4.62447068e+00,-3.56138938e+00,-5.02675933e+00,-5.51109853e+00,-4.65181073e+00,-4.53649398e+00,-8.16386666e+00,-4.59617976e+00,-4.50314377e+00,-4.24753203e+00,-4.88151078e+00,-4.70441683e+00,-2.47408362e+00,-2.85046754e+00,-2.48876253e+00,-5.99673504e+00,-4.69836205e+00,-4.68474622e+00,-2.68583147e+00,-5.24374169e+00,-3.34392527e+00,-2.51290550e+00,-2.87421575e+00,-2.97322590e+00,-3.18895438e+00,-3.32241235e+00,-3.03324506e+00,-3.47293096e+00,2.92919192e+00
-4.06056937e+00,-3.87668677e+00,-4.53705855e+00,-4.31855196e+00,-4.27556092e+00,-4.60155005e+00,-4.66766918e+00,-3.90139371e+00,-4.42961053e+00,-4.91296938e+00,-5.05219474e+00,-4.71302479e+00,-4.56911405e+00,-4.75113330e+00,-4.66678911e+00,-4.70816339e+00,-4.30595185e+00,-5.13526836e+00,-4.83095991e+00,-4.86584068e+00,-4.58487657e+00,-4.46055928e+00,-4.07315415e+00,-4.52615221e+00,-4.75776301e+00,-4.99902705e+00,-4.95340836e+00,-4.58116142e+00,-4.74731033e+00,-4.58623381e+00,-4.65873524e+00,-4.40660365e+00,-5.18891889e+00,-5.23171827e+00,-5.31045098e+00,-5.75508205e+00,-5.01859476e+00,-4.87623031e+00,-5.13287995e+00,-5.62310063e+00,-5.46645695e+00,-5.01253107e+00,-6.27288033e+00,-5.19924875e+00,-5.01866673e+00,-4.71913076e+00,-5.05481697e+00,-5.48018577e+00,-5.43630761e+00,-5.13806324e+00,-5.17062849e+00,-4.61597588e+00,-6.49177773e+00,-4.65966239e+00,-5.27400338e+00,-5.39501361e+00,-5.10905025e+00,-5.67813320e+00,-4.74678752e+00,-5.20649679e+00,-5.35202975e+00,-5.44988267e+00,-4.72656669e+00,-4.56979480e+00,-5.06455852e+00,-5.57356103e+00,-5.84469592e+00,-5.31428151e+00,-5.15012457e+00,-5.37002158e+00,-5.67644992e+00,-5.49840947e+00,-5.14390885e+00,-4.61367346e+00,-3.75202686e+00,-4.45838871e+00,-5.04204280e+00,-4.70178423e+00,-4.26763698e+00,-4.02425640e+00,-4.22699263e+00,-5.62999872e+00,-5.03196947e+00,-5.64689540e+00,-4.62961516e+00,-4.99115472e+00,-5.53378009e+00,-5.26948973e+00,-5.85504808e+00,-5.07453604e+00,-5.07640384e+00,-5.01739618e+00,-5.27974861e+00,-4.86512694e+00,-5.00831742e+00,-5.00947714e+00,-4.55047089e+00,-4.89204460e+00,-4.29574241e+00,-4.80371324e+00,-4.53365681e+00,-4.51326533e+00,-4.74294052e+00,-6.22592526e+00,-5.15119136e+00,-5.15985127e+00,-4.89089864e+00,-5.27519784e+00,-5.44638254e+00,-6.42327336e+00,-4.75374310e+00,-5.70897067e+00,-5.77876654e+00,-4.71978428e+00,-5.09524309e+00,-5.00209041e+00,-5.75887924e+00,-5.73068167e+00,-5.55005340e+00,-5.25083755e+00,-7.12008488e+00,-4.99228170e+00,-5.17267729e+00,-5.19179907e+00,-6.66294015e+00,-5.07803662e+00,-5.09004327e+00,-5.79823870e+00,-5.19574296e+00,-5.41219333e+00,-6.86386581e+00,-5.42353051e+00,-5.18009857e+00,-5.10453381e+00,-7.24973883e+00,-5.74453845e+00,-3.13493964e+00,-2.74290042e+00,-2.88024244e+00,-4.31824653e+00,-5.80245490e+00,-5.62499660e+00,-2.98678105e+00,-5.66826533e+00,2.00602249e-01,-3.28718370e+00,-3.76605609e+00,-3.76754834e+00,-4.14986226e-02,-3.82195624e+00,-3.29672679e+00,4.13367378e-01,2.76281815e+00
-4.60340053e+00,-4.84244992e+00,-4.89000612e+00,-4.89954641e+00,-5.09332017e+00,-5.77651248e+00,-5.27535591e+00,-4.98350975e+00,-4.90275136e+00,-5.34856370e+00,-4.80975065e+00,-4.90123323e+00,-5.01591852e+00,-5.17604745e+00,-4.78990288e+00,-4.97581966e+00,-5.25273253e+00,-5.78459260e+00,-5.49807958e+00,-5.23022623e+00,-5.61996879e+00,-5.37250767e+00,-4.90057113e+00,-4.98868038e+00,-5.11882638e+00,-5.03724563e+00,-4.76901953e+00,-4.86095724e+00,-5.02095396e+00,-4.54738910e+00,-4.80588143e+00,-4.92436167e+00,-5.38544387e+00,-5.24750361e+00,-5.60709118e+00,-5.77427791e+00,-5.30319113e+00,-4.94615300e+00,-4.97478833e+00,-5.20421283e+00,-4.91964172e+00,-4.92148946e+00,-5.89430188e+00,-4.68605273e+00,-4.85022774e+00,-5.08615810e+00,-5.23495472e+00,-5.44294351e+00,-5.91484160e+00,-5.25424955e+00,-5.37929050e+00,-4.62703508e+00,-5.84137114e+00,-4.49156106e+00,-4.72171744e+00,-5.14728087e+00,-4.65056268e+00,-5.24296815e+00,-5.39436179e+00,-5.92553105e+00,-5.78103087e+00,-6.05929658e+00,-5.39455810e+00,-5.16369696e+00,-5.76147341e+00,-5.81497464e+00,-5.90509719e+00,-5.42202876e+00,-5.02014594e+00,-5.29899482e+00,-6.60054536e+00,-6.46346014e+00,-5.35889916e+00,-5.02832251e+00,-4.47282189e+00,-5.02252691e+00,-5.28755888e+00,-4.91905168e+00,-4.75452746e+00,-4.36379344e+00,-4.66859306e+00,-5.56068905e+00,-5.10250837e+00,-5.58603394e+00,-4.94665961e+00,-5.00922827e+00,-5.18091768e+00,-4.86296325e+00,-5.68231055e+00,-4.54515476e+00,-4.65525310e+00,-5.01938215e+00,-5.09235766e+00,-5.00811890e+00,-5.06420999e+00,-5.02532440e+00,-4.40258289e+00,-4.57812325e+00,-4.42949400e+00,-4.96449924e+00,-4.54783247e+00,-4.65536606e+00,-4.57341096e+00,-5.35439077e+00,-4.89051730e+00,-4.80866231e+00,-4.49417140e+00,-4.80747803e+00,-5.30363155e+00,-6.05095029e+00,-4.93706278e+00,-5.06723361e+00,-5.00985553e+00,-4.38537509e+00,-4.92831152e+00,-4.81482767e+00,-4.96360441e+00,-5.17736596e+00,-4.67206547e+00,-4.26088467e+00,-5.37372215e+00,-4.46976995e+00,-4.48752756e+00,-4.33164165e+00,-5.20123181e+00,-4.08389048e+00,-5.05217111e+00,-5.61430167e+00,-4.83303512e+00,-4.73604730e+00,-7.74433225e+00,-4.89019183e+00,-4.70745797e+00,-4.56284112e+00,-5.40645837e+00,-5.02683967e+00,-3.16710148e+00,-3.01370228e+00,-3.02768135e+00,-4.77730646e+00,-5.82175267e+00,-5.68523299e+00,-3.06532221e+00,-5.97835610e+00,-2.95990427e+00,-3.41103100e+00,-3.85995689e+00,-3.73890541e+00,-2.87410387e+00,-3.71503459e+00,-3.33810530e+00,-3.10898800e+00,2.89751467e+00
-4.40419587e+00,-4.79129698e+00,-4.88786139e+00,-4.90786612e+00,-5.18052927e+00,-5.89737303e+00,-5.32519299e+00,-4.97495572e+00,-4.93924055e+00,-5.43008599e+00,-4.96325812e+00,-4.92212826e+00,-4.97567601e+00,-5.25668622e+00,-4.79243767e+00,-5.04678943e+00,-5.44976062e+00,-5.79225762e+00,-5.60228380e+00,-5.30284476e+00,-5.87708430e+00,-5.34366749e+00,-5.00220610e+00,-4.91804979e+00,-5.12526643e+00,-4.97368417e+00,-4.76917250e+00,-4.88298251e+00,-5.01351493e+00,-4.49035449e+00,-4.86720090e+00,-4.83742943e+00,-5.41616221e+00,-5.30207543e+00,-5.79492497e+00,-5.86728598e+00,-5.61083506e+00,-4.94496475e+00,-5.09210191e+00,-5.32848048e+00,-4.98433201e+00,-4.70883107e+00,-5.78906651e+00,-4.62449542e+00,-4.85063424e+00,-5.00582254e+00,-5.22291756e+00,-5.32307340e+00,-6.27400616e+00,-5.27246171e+00,-5.65599215e+00,-4.58145928e+00,-6.27437808e+00,-4.53229685e+00,-4.77304382e+00,-5.10001502e+00,-4.61982451e+00,-5.29930110e+00,-5.55363747e+00,-6.21609626e+00,-6.13618824e+00,-6.29225422e+00,-5.37753182e+00,-5.24825416e+00,-5.97258267e+00,-6.06220994e+00,-5.91902412e+00,-5.47427819e+00,-5.17822131e+00,-5.42127777e+00,-6.72918831e+00,-6.98394234e+00,-5.61714259e+00,-4.90074220e+00,-4.40545455e+00,-5.09809013e+00,-5.26052444e+00,-4.67949469e+00,-4.80041141e+00,-4.41935490e+00,-4.62979167e+00,-5.62755730e+00,-5.16521716e+00,-5.37793634e+00,-4.94330244e+00,-4.92441462e+00,-5.20435179e+00,-4.73505526e+00,-5.41972896e+00,-4.46801820e+00,-4.48984436e+00,-5.04100857e+00,-5.29229468e+00,-4.83197269e+00,-5.08024785e+00,-5.11045586e+00,-4.42359042e+00,-4.62890359e+00,-4.45983895e+00,-5.05702049e+00,-4.68003696e+00,-4.62231772e+00,-4.47171195e+00,-5.52943614e+00,-4.90076790e+00,-4.75395902e+00,-4.49313380e+00,-4.85468405e+00,-5.42705885e+00,-6.15039621e+00,-4.91179857e+00,-5.00209781e+00,-4.90095844e+00,-4.48533489e+00,-4.99042336e+00,-4.79189879e+00,-4.81403202e+00,-5.16905043e+00,-4.56999652e+00,-4.12109205e+00,-5.32510214e+00,-4.18368180e+00,-4.30800172e+00,-4.08992665e+00,-5.05704316e+00,-3.87325693e+00,-5.02927424e+00,-5.59038298e+00,-4.77405642e+00,-4.86203407e+00,-8.28788338e+00,-4.79854774e+00,-4.72402284e+00,-4.46223072e+00,-5.46518395e+00,-4.95727791e+00,-2.16383285e+00,-2.93525197e+00,-2.29286369e+00,-6.91345802e+00,-4.01599244e+00,-4.09009516e+00,-2.50205433e+00,-4.78266760e+00,-3.56120626e+00,-2.07664214e+00,-2.25887028e+00,-2.55616263e+00,-3.48056380e+00,-2.98934256e+00,-2.98838538e+00,-3.61888706e+00,3.01989322e+00
-4.40938075e+00,-4.75655522e+00,-4.92055004e+00,-4.90254851e+00,-5.15938153e+00,-5.82616124e+00,-5.30536919e+00,-4.96396815e+00,-4.94427436e+00,-5.40091113e+00,-4.99324422e+00,-4.94919442e+00,-4.94166729e+00,-5.21008759e+00,-4.76700534e+00,-5.07083813e+00,-5.43307193e+00,-5.75890680e+00,-5.63584347e+00,-5.33089164e+00,-5.84508313e+00,-5.30354307e+00,-4.98139932e+00,-4.92779333e+00,-5.08225935e+00,-4.97132520e+00,-4.73493684e+00,-4.84386431e+00,-4.99906284e+00,-4.46004700e+00,-4.86780154e+00,-4.82279457e+00,-5.38953476e+00,-5.29608754e+00,-5.76319358e+00,-5.79964133e+00,-5.60068025e+00,-4.95463625e+00,-5.10345273e+00,-5.42541475e+00,-5.02011270e+00,-4.68699027e+00,-5.77233136e+00,-4.66014417e+00,-4.90544847e+00,-4.97583879e+00,-5.26035593e+00,-5.30430040e+00,-6.21493392e+00,-5.25662269e+00,-5.57825288e+00,-4.55452234e+00,-6.03688986e+00,-4.58145541e+00,-4.79213826e+00,-5.06989619e+00,-4.66719933e+00,-5.33249029e+00,-5.52606803e+00,-6.20712760e+00,-6.12277506e+00,-6.28765899e+00,-5.37598141e+00,-5.26585198e+00,-5.89713672e+00,-6.09916462e+00,-5.92220491e+00,-5.42713732e+00,-5.14839717e+00,-5.49206778e+00,-6.67338523e+00,-6.94501061e+00,-5.63100500e+00,-4.86938913e+00,-4.43391820e+00,-5.04480741e+00,-5.19444962e+00,-4.67276150e+00,-4.78576019e+00,-4.39745863e+00,-4.69687898e+00,-5.59284229e+00,-5.16780132e+00,-5.39038026e+00,-4.95978728e+00,-4.91476709e+00,-5.22399990e+00,-4.72939377e+00,-5.35682012e+00,-4.47028679e+00,-4.52136209e+00,-5.02114002e+00,-5.27757295e+00,-4.83185650e+00,-5.05951046e+00,-5.01347570e+00,-4.44823479e+00,-4.61677686e+00,-4.50530779e+00,-5.18465293e+00,-4.69536717e+00,-4.62236619e+00,-4.41995519e+00,-5.46697430e+00,-4.92733009e+00,-4.74055412e+00,-4.50904035e+00,-4.86403437e+00,-5.37814396e+00,-6.12711145e+00,-4.85949609e+00,-5.00494050e+00,-4.86712509e+00,-4.47143427e+00,-5.05251323e+00,-4.82030017e+00,-4.80098146e+00,-5.28515763e+00,-4.65886949e+00,-4.18166725e+00,-5.27052012e+00,-4.20161142e+00,-4.32454282e+00,-4.16621408e+00,-5.03487137e+00,-3.93047065e+00,-5.02544939e+00,-5.61674370e+00,-4.81218898e+00,-4.84758686e+00,-8.00289157e+00,-4.82191620e+00,-4.66801123e+00,-4.58515723e+00,-5.39264122e+00,-5.05412644e+00,-2.12321795e+00,-2.92522428e+00,-2.27953076e+00,-7.13218089e+00,-3.89764247e+00,-4.02108946e+00,-2.44786359e+00,-4.74474332e+00,-3.74547131e+00,-2.06575895e+00,-2.17511762e+00,-2.52917289e+00,-3.52542359e+00,-2.97411526e+00,-2.99706445e+00,-4.02265651e+00,3.03644366e+00
-4.35731914e+00,-4.61812999e+00,-4.74838684e+00,-4.74859556e+00,-4.98832602e+00,-5.64993129e+00,-5.17472347e+00,-4.70486892e+00,-4.76034449e+00,-5.29709909e+00,-4.88775466e+00,-4.80865600e+00,-4.90020416e+00,-5.15436501e+00,-4.76968726e+00,-4.88255589e+00,-5.19058599e+00,-5.71452671e+00,-5.36944312e+00,-5.17075711e+00,-5.59091047e+00,-5.19294228e+00,-4.76574743e+00,-4.79839772e+00,-5.06130057e+00,-4.97117177e+00,-4.87276435e+00,-4.83244500e+00,-4.96718885e+00,-4.59077988e+00,-4.79657492e+00,-4.73493713e+00,-5.37469045e+00,-5.22396834e+00,-5.67444019e+00,-5.91257109e+00,-5.38234414e+00,-4.89401872e+00,-5.04732446e+00,-5.24859144e+00,-5.07980631e+00,-4.85468013e+00,-5.96735791e+00,-4.77409871e+00,-4.81696095e+00,-4.97376255e+00,-5.13542157e+00,-5.41973550e+00,-6.08086824e+00,-5.24658983e+00,-5.55969338e+00,-4.63157930e+00,-6.51435982e+00,-4.47734682e+00,-4.89446619e+00,-5.18858550e+00,-4.68719625e+00,-5.32254586e+00,-5.38543212e+00,-5.92525530e+00,-5.87618938e+00,-6.12782620e+00,-5.24832562e+00,-5.04997977e+00,-5.74401082e+00,-5.85733905e+00,-5.90907524e+00,-5.47420399e+00,-5.18886191e+00,-5.32355846e+00,-6.55457302e+00,-6.53672853e+00,-5.44061622e+00,-4.89334455e+00,-4.19431520e+00,-4.94200788e+00,-5.26542003e+00,-4.75964981e+00,-4.64686113e+00,-4.31631264e+00,-4.42854754e+00,-5.60869734e+00,-5.07706614e+00,-5.50674304e+00,-4.81641317e+00,-4.94691976e+00,-5.25126933e+00,-4.91770201e+00,-5.67958411e+00,-4.68500898e+00,-4.64865088e+00,-5.03679773e+00,-5.23754676e+00,-4.86776681e+00,-5.07684191e+00,-5.19765896e+00,-4.42588680e+00,-4.73582446e+00,-4.35655932e+00,-4.79227075e+00,-4.55567353e+00,-4.57160629e+00,-4.61780432e+00,-5.80470151e+00,-4.93867302e+00,-4.90039500e+00,-4.56783886e+00,-4.90862448e+00,-5.46255186e+00,-6.22654058e+00,-4.91324644e+00,-5.19302397e+00,-5.20668422e+00,-4.55163477e+00,-4.90261411e+00,-4.81936397e+00,-5.08307183e+00,-5.18056376e+00,-4.76448696e+00,-4.41620575e+00,-5.96390972e+00,-4.45770211e+00,-4.57008922e+00,-4.39338058e+00,-5.63196767e+00,-4.20318539e+00,-5.00804556e+00,-5.57480199e+00,-4.85012171e+00,-5.00343119e+00,-8.16173808e+00,-4.94219172e+00,-4.94341360e+00,-4.50590266e+00,-6.15068128e+00,-5.06144403e+00,-2.74578955e+00,-2.96615973e+00,-2.67956266e+00,-5.56466303e+00,-5.10672088e+00,-5.00558088e+00,-2.87757687e+00,-5.41501149e+00,-2.25443353e+00,-2.75829747e+00,-3.14508729e+00,-3.24084992e+00,-2.39249603e+00,-3.46077632e+00,-3.21444065e+00,-2.00885696e+00,2.92052049e+00
-4.53944350e+00,-4.97169769e+00,-4.89236895e+00,-5.02163536e+00,-5.21627807e+00,-6.03383411e+00,-5.39580721e+00,-5.24447817e+00,-4.99227512e+00,-5.49563713e+00,-4.83659175e+00,-4.97207843e+00,-5.08983195e+00,-5.29170044e+00,-4.83598599e+00,-5.09592614e+00,-5.47879371e+00,-5.86430838e+00,-5.57704668e+00,-5.29956186e+00,-5.81313118e+00,-5.52917978e+00,-5.12797490e+00,-5.05886724e+00,-5.21152818e+00,-5.05761855e+00,-4.75972394e+00,-4.97843673e+00,-5.04748949e+00,-4.56937600e+00,-4.87877676e+00,-4.98767908e+00,-5.38978878e+00,-5.29969324e+00,-5.66223030e+00,-5.78563563e+00,-5.58622027e+00,-4.96327126e+00,-4.99593474e+00,-5.14288025e+00,-4.81762915e+00,-4.83829427e+00,-5.76828950e+00,-4.55030949e+00,-4.81461547e+00,-5.06879014e+00,-5.23032209e+00,-5.33724410e+00,-6.09003903e+00,-5.31799078e+00,-5.54188540e+00,-4.68041232e+00,-5.99702482e+00,-4.52135959e+00,-4.64152317e+00,-5.09733235e+00,-4.53626718e+00,-5.17079336e+00,-5.51240528e+00,-6.17419647e+00,-5.94291082e+00,-6.21107417e+00,-5.48370102e+00,-5.29949556e+00,-5.97502733e+00,-5.91418919e+00,-5.78013288e+00,-5.33759179e+00,-5.07557070e+00,-5.23172931e+00,-6.73959584e+00,-6.79248311e+00,-5.41824853e+00,-4.98953312e+00,-4.59402160e+00,-5.20024216e+00,-5.36170904e+00,-4.83663312e+00,-4.87895800e+00,-4.56531314e+00,-4.74009408e+00,-5.55179698e+00,-5.20300143e+00,-5.41642021e+00,-5.05249233e+00,-4.96804604e+00,-5.12765318e+00,-4.77306469e+00,-5.48589458e+00,-4.40816556e+00,-4.50590134e+00,-5.06816445e+00,-5.17823331e+00,-4.96771031e+00,-5.06789222e+00,-5.20289378e+00,-4.43614629e+00,-4.60232997e+00,-4.52705511e+00,-5.04197368e+00,-4.67121306e+00,-4.70911834e+00,-4.54965052e+00,-5.26817017e+00,-4.83951981e+00,-4.75226506e+00,-4.50871614e+00,-4.80380618e+00,-5.27917241e+00,-5.93638223e+00,-5.00606559e+00,-4.89981927e+00,-4.79619061e+00,-4.46925488e+00,-4.99936133e+00,-4.76065122e+00,-4.71128700e+00,-4.99771939e+00,-4.42993077e+00,-4.01966136e+00,-4.94441663e+00,-4.24060648e+00,-4.28696989e+00,-4.04047335e+00,-4.80504167e+00,-3.79647890e+00,-5.05731884e+00,-5.62775529e+00,-4.73801459e+00,-4.69691696e+00,-8.42040982e+00,-4.78586468e+00,-4.67108121e+00,-4.40657154e+00,-4.98957107e+00,-4.86874079e+00,-2.72812869e+00,-3.10571085e+00,-2.77808496e+00,-5.84195615e+00,-5.01958885e+00,-5.00403168e+00,-2.86263518e+00,-5.51638327e+00,-4.51679537e+00,-2.79392852e+00,-3.10693102e+00,-3.20247574e+00,-4.41143357e+00,-3.39814494e+00,-3.16181767e+00,-4.51115864e+00,2.98081937e+00
-4.47865322e+00,-4.77329239e+00,-4.84457134e+00,-4.86467464e+00,-5.08927975e+00,-5.80263639e+00,-5.28730010e+00,-4.91564492e+00,-4.87803271e+00,-5.35013707e+00,-4.88614570e+00,-4.85891453e+00,-4.97338641e+00,-5.17214865e+00,-4.76459453e+00,-4.95813317e+00,-5.33432752e+00,-5.80977455e+00,-5.46736347e+00,-5.24344772e+00,-5.69519428e+00,-5.33179231e+00,-4.91609172e+00,-4.92564494e+00,-5.14263186e+00,-5.02807534e+00,-4.83923418e+00,-4.92120433e+00,-5.04626217e+00,-4.58781230e+00,-4.85240676e+00,-4.82893214e+00,-5.39256775e+00,-5.26077225e+00,-5.64720599e+00,-5.81523036e+00,-5.44784951e+00,-4.93369935e+00,-5.04203754e+00,-5.25119448e+00,-4.99866794e+00,-4.83365024e+00,-5.85567629e+00,-4.66771100e+00,-4.80649688e+00,-5.01305155e+00,-5.19198987e+00,-5.35322051e+00,-6.03738109e+00,-5.24555235e+00,-5.52194763e+00,-4.61541410e+00,-6.21724643e+00,-4.47856911e+00,-4.79142976e+00,-5.15801257e+00,-4.63065359e+00,-5.25570273e+00,-5.48487548e+00,-6.01205392e+00,-5.92781191e+00,-6.20103246e+00,-5.35136585e+00,-5.18040840e+00,-5.81482674e+00,-5.90291568e+00,-5.81983792e+00,-5.43373966e+00,-5.10150183e+00,-5.30735557e+00,-6.60805345e+00,-6.66151188e+00,-5.46475309e+00,-4.95661996e+00,-4.35837814e+00,-5.03886964e+00,-5.26334051e+00,-4.78103057e+00,-4.73716606e+00,-4.37297669e+00,-4.55299332e+00,-5.62102629e+00,-5.12027330e+00,-5.48680965e+00,-4.91330886e+00,-4.95832144e+00,-5.20779816e+00,-4.85601108e+00,-5.60709713e+00,-4.57075900e+00,-4.58746685e+00,-5.05632392e+00,-5.23309137e+00,-4.93026157e+00,-5.08454032e+00,-5.15207601e+00,-4.42032736e+00,-4.66425797e+00,-4.40467485e+00,-4.93073816e+00,-4.58649029e+00,-4.59843597e+00,-4.60029213e+00,-5.66421940e+00,-4.92138770e+00,-4.81653564e+00,-4.51578235e+00,-4.87116604e+00,-5.33008014e+00,-6.08557367e+00,-4.90404796e+00,-5.08652005e+00,-5.03164583e+00,-4.48887633e+00,-4.94362920e+00,-4.78530160e+00,-4.93776435e+00,-5.14447708e+00,-4.64851591e+00,-4.27036308e+00,-5.57497423e+00,-4.36421154e+00,-4.45233717e+00,-4.24550721e+00,-5.31566001e+00,-4.03005515e+00,-5.02566308e+00,-5.63504034e+00,-4.82696040e+00,-4.88190625e+00,-8.05099109e+00,-4.89082325e+00,-4.80224340e+00,-4.47506693e+00,-5.71283137e+00,-4.99349510e+00,-2.61576530e+00,-2.93999599e+00,-2.62261673e+00,-5.92740583e+00,-4.84347925e+00,-4.81454795e+00,-2.78184191e+00,-5.29577262e+00,-2.98820726e+00,-2.64398840e+00,-2.94930937e+00,-3.09719969e+00,-2.98695920e+00,-3.32076335e+00,-3.10295342e+00,-2.96370924e+00,2.97866049e+00
-4.44704457e+00,-4.71613342e+00,-4.81174099e+00,-4.82318236e+00,-5.03813817e+00,-5.70522404e+00,-5.24091675e+00,-4.86377294e+00,-4.83164545e+00,-5.33628463e+00,-4.87433985e+00,-4.85011169e+00,-4.95702987e+00,-5.16544458e+00,-4.78125387e+00,-4.94604963e+00,-5.22645854e+00,-5.74783277e+00,-5.41222586e+00,-5.23480741e+00,-5.59837972e+00,-5.28470879e+00,-4.86052422e+00,-4.90151262e+00,-5.11197669e+00,-5.02427833e+00,-4.83194968e+00,-4.87274758e+00,-5.00381433e+00,-4.58959853e+00,-4.84367424e+00,-4.81230853e+00,-5.36741188e+00,-5.25247280e+00,-5.65027678e+00,-5.82909306e+00,-5.41098640e+00,-4.92934389e+00,-5.03139071e+00,-5.24018106e+00,-5.00281304e+00,-4.86639565e+00,-5.87732849e+00,-4.70655235e+00,-4.82544827e+00,-5.01495646e+00,-5.19866638e+00,-5.39144028e+00,-5.98756981e+00,-5.27737326e+00,-5.50146995e+00,-4.63949518e+00,-6.21642593e+00,-4.51013221e+00,-4.80604035e+00,-5.17754682e+00,-4.67577316e+00,-5.28112015e+00,-5.38132739e+00,-5.93695676e+00,-5.84541270e+00,-6.10074246e+00,-5.31278271e+00,-5.13646304e+00,-5.74115174e+00,-5.84591210e+00,-5.84122295e+00,-5.44131781e+00,-5.12802926e+00,-5.31985042e+00,-6.52237097e+00,-6.48166489e+00,-5.43407365e+00,-4.93703888e+00,-4.33088028e+00,-5.00178244e+00,-5.27672908e+00,-4.79683780e+00,-4.71138502e+00,-4.36714079e+00,-4.55677292e+00,-5.59898197e+00,-5.12182379e+00,-5.51065786e+00,-4.91011427e+00,-4.98340340e+00,-5.22360194e+00,-4.88341193e+00,-5.62506145e+00,-4.60240554e+00,-4.63798735e+00,-5.05009899e+00,-5.20498126e+00,-4.93296175e+00,-5.07970623e+00,-5.14803962e+00,-4.43732883e+00,-4.67008147e+00,-4.42409393e+00,-4.91598529e+00,-4.57892414e+00,-4.62167461e+00,-4.60432017e+00,-5.65399678e+00,-4.91660890e+00,-4.84094024e+00,-4.55168485e+00,-4.88857262e+00,-5.36360202e+00,-6.13855035e+00,-4.92736363e+00,-5.12337534e+00,-5.08348342e+00,-4.50597449e+00,-4.96376150e+00,-4.81515054e+00,-5.00066770e+00,-5.15950220e+00,-4.69920428e+00,-4.31949989e+00,-5.65084067e+00,-4.42855458e+00,-4.50943635e+00,-4.31999481e+00,-5.37046938e+00,-4.12045822e+00,-5.03017872e+00,-5.64243457e+00,-4.85650134e+00,-4.88916177e+00,-7.98429111e+00,-4.93524910e+00,-4.82704470e+00,-4.53232663e+00,-5.75949506e+00,-5.06441185e+00,-2.79299826e+00,-2.97857636e+00,-2.74599512e+00,-5.50934873e+00,-5.17904333e+00,-5.08935673e+00,-2.86456859e+00,-5.52143891e+00,-2.77098865e+00,-2.90632487e+00,-3.25941961e+00,-3.31522548e+00,-2.79454932e+00,-3.44681209e+00,-3.24764994e+00,-2.73525223e+00,2.94793146e+00
-4.42628349e+00,-4.61031968e+00,-4.81944475e+00,-4.78769443e+00,-4.91795965e+00,-5.53794186e+00,-5.15381546e+00,-4.77724582e+00,-4.82851455e+00,-5.29600478e+00,-4.90161701e+00,-4.88527917e+00,-4.92632592e+00,-5.11383431e+00,-4.74670620e+00,-4.96418464e+00,-5.10529934e+00,-5.62970756e+00,-5.38007825e+00,-5.16453505e+00,-5.45529257e+00,-5.16237896e+00,-4.75158235e+00,-4.91315864e+00,-5.04866341e+00,-5.03678498e+00,-4.78788801e+00,-4.82873300e+00,-4.96188391e+00,-4.53544592e+00,-4.78466455e+00,-4.81577481e+00,-5.36138339e+00,-5.24938034e+00,-5.57766123e+00,-5.77391396e+00,-5.33800238e+00,-4.94194113e+00,-5.04515667e+00,-5.33287266e+00,-5.05773541e+00,-4.89990020e+00,-5.95167012e+00,-4.79237567e+00,-4.90669342e+00,-4.97971394e+00,-5.21384226e+00,-5.41312351e+00,-5.88269059e+00,-5.24197562e+00,-5.38619583e+00,-4.61418841e+00,-5.92780400e+00,-4.54817196e+00,-4.85583127e+00,-5.18058635e+00,-4.73132060e+00,-5.33695080e+00,-5.29855871e+00,-5.87261259e+00,-5.78027241e+00,-5.98073124e+00,-5.25787770e+00,-5.05450822e+00,-5.63566652e+00,-5.82234623e+00,-5.89756989e+00,-5.36727731e+00,-5.06254992e+00,-5.35839675e+00,-6.47122429e+00,-6.38923754e+00,-5.37385184e+00,-4.88822852e+00,-4.32089079e+00,-4.93172098e+00,-5.21015675e+00,-4.81341029e+00,-4.67389961e+00,-4.31297255e+00,-4.59014226e+00,-5.59770214e+00,-5.11937608e+00,-5.55016134e+00,-4.90475167e+00,-4.98886193e+00,-5.26133050e+00,-4.93243884e+00,-5.61278409e+00,-4.62661104e+00,-4.70208333e+00,-5.03614110e+00,-5.18214151e+00,-4.95960556e+00,-5.05811077e+00,-5.02375974e+00,-4.44389520e+00,-4.65872841e+00,-4.41921591e+00,-4.98693356e+00,-4.59520511e+00,-4.63203854e+00,-4.58760854e+00,-5.52864186e+00,-4.97395201e+00,-4.88063296e+00,-4.58203770e+00,-4.90931584e+00,-5.33977417e+00,-6.12029478e+00,-4.89429235e+00,-5.17445570e+00,-5.10263360e+00,-4.47660314e+00,-5.00725151e+00,-4.85079304e+00,-5.05828561e+00,-5.28662124e+00,-4.83330512e+00,-4.43675610e+00,-5.64131529e+00,-4.51747851e+00,-4.59829470e+00,-4.45872920e+00,-5.42561811e+00,-4.22797477e+00,-5.06317386e+00,-5.67463977e+00,-4.90822642e+00,-4.89122413e+00,-7.65560450e+00,-5.00221085e+00,-4.80009608e+00,-4.66175760e+00,-5.71843644e+00,-5.14389588e+00,-2.95958111e+00,-2.97233118e+00,-2.88311226e+00,-5.30852048e+00,-5.38055235e+00,-5.31629909e+00,-2.94424914e+00,-5.68100457e+00,-2.83766534e+00,-3.11682475e+00,-3.46613118e+00,-3.48746103e+00,-2.73742241e+00,-3.58474182e+00,-3.26677865e+00,-2.99436920e+00,2.91432975e+00
-4.49914628e+00,-4.87427174e+00,-4.86624931e+00,-4.95265742e+00,-5.14468415e+00,-5.92658093e+00,-5.34280975e+00,-5.10739006e+00,-4.92341635e+00,-5.44397943e+00,-4.86258797e+00,-4.94327262e+00,-5.04889521e+00,-5.25380239e+00,-4.80785629e+00,-5.05855825e+00,-5.40144452e+00,-5.79385915e+00,-5.52999187e+00,-5.25445351e+00,-5.77521501e+00,-5.44307011e+00,-5.01960644e+00,-5.01313745e+00,-5.16770690e+00,-5.04380986e+00,-4.76416321e+00,-4.94683585e+00,-5.00607617e+00,-4.54979593e+00,-4.84870729e+00,-4.91020082e+00,-5.36196999e+00,-5.25583460e+00,-5.65674486e+00,-5.80539095e+00,-5.52241721e+00,-4.93829005e+00,-5.02449394e+00,-5.19620510e+00,-4.88619169e+00,-4.83866357e+00,-5.80270862e+00,-4.60919091e+00,-4.83328108e+00,-5.05106963e+00,-5.22316500e+00,-5.37734212e+00,-6.09967233e+00,-5.29467965e+00,-5.50645422e+00,-4.65362581e+00,-6.00560804e+00,-4.52058843e+00,-4.70884991e+00,-5.13369626e+00,-4.59088325e+00,-5.22273405e+00,-5.48118003e+00,-6.13848036e+00,-5.94387043e+00,-6.17005210e+00,-5.42123551e+00,-5.21858859e+00,-5.86410193e+00,-5.90791347e+00,-5.83656122e+00,-5.37340079e+00,-5.07827723e+00,-5.29277857e+00,-6.73235581e+00,-6.73166347e+00,-5.45208699e+00,-4.95965896e+00,-4.49979876e+00,-5.13786090e+00,-5.32315002e+00,-4.81611571e+00,-4.82492329e+00,-4.48044005e+00,-4.67723324e+00,-5.57175892e+00,-5.18076605e+00,-5.46476534e+00,-4.99677628e+00,-4.97016748e+00,-5.17614637e+00,-4.80152197e+00,-5.50789142e+00,-4.46434500e+00,-4.54506199e+00,-5.04255906e+00,-5.21191124e+00,-4.92645859e+00,-5.05039808e+00,-5.13680486e+00,-4.43116728e+00,-4.60531944e+00,-4.47261652e+00,-5.02206678e+00,-4.63480559e+00,-4.67483854e+00,-4.55235151e+00,-5.34551635e+00,-4.87464190e+00,-4.76805143e+00,-4.51257151e+00,-4.81618067e+00,-5.30991536e+00,-6.01017116e+00,-4.98514469e+00,-5.00054496e+00,-4.89143877e+00,-4.46470764e+00,-4.98490801e+00,-4.77396286e+00,-4.83081207e+00,-5.08651776e+00,-4.54534949e+00,-4.13049961e+00,-5.15189185e+00,-4.28955857e+00,-4.35666000e+00,-4.14156999e+00,-4.97712221e+00,-3.90773360e+00,-5.04536476e+00,-5.61771068e+00,-4.76831106e+00,-4.77386340e+00,-8.19349114e+00,-4.82480798e+00,-4.69550373e+00,-4.47091535e+00,-5.20205444e+00,-4.93351848e+00,-2.72343177e+00,-3.03088001e+00,-2.74218674e+00,-5.83820888e+00,-5.01071531e+00,-4.98582502e+00,-2.83136177e+00,-5.49970128e+00,-3.98401322e+00,-2.79629701e+00,-3.12603043e+00,-3.21873983e+00,-3.82476310e+00,-3.42725917e+00,-3.17150120e+00,-4.00508586e+00,2.96794925e+00
-4.53797946e+00,-4.86360718e+00,-4.88876227e+00,-4.93138512e+00,-5.13932106e+00,-5.87826673e+00,-5.31815938e+00,-5.03429126e+00,-4.92125026e+00,-5.40265207e+00,-4.86359982e+00,-4.91711247e+00,-5.01353300e+00,-5.22749134e+00,-4.80977101e+00,-5.01308120e+00,-5.34000265e+00,-5.77369838e+00,-5.52510173e+00,-5.25935007e+00,-5.72891391e+00,-5.39261775e+00,-4.98513654e+00,-4.95430876e+00,-5.13644207e+00,-5.00377278e+00,-4.77636204e+00,-4.88318081e+00,-5.02360076e+00,-4.54042025e+00,-4.84102226e+00,-4.90105750e+00,-5.39050333e+00,-5.27501235e+00,-5.67553962e+00,-5.81351839e+00,-5.46142482e+00,-4.94601392e+00,-5.01863952e+00,-5.21983690e+00,-4.92479112e+00,-4.83813330e+00,-5.81722029e+00,-4.63074700e+00,-4.83991701e+00,-5.06294892e+00,-5.22675956e+00,-5.38230913e+00,-6.05044082e+00,-5.27640361e+00,-5.51726130e+00,-4.62293342e+00,-6.08428690e+00,-4.50473435e+00,-4.73069748e+00,-5.12501364e+00,-4.61864033e+00,-5.23620971e+00,-5.45873341e+00,-6.04924942e+00,-5.91253308e+00,-6.12430354e+00,-5.38269822e+00,-5.20218246e+00,-5.86430765e+00,-5.89836914e+00,-5.86986694e+00,-5.44494050e+00,-5.09167462e+00,-5.31106540e+00,-6.64086071e+00,-6.65333826e+00,-5.46303884e+00,-4.99560389e+00,-4.47590636e+00,-5.08117030e+00,-5.30170812e+00,-4.82518852e+00,-4.79051400e+00,-4.43067511e+00,-4.65843389e+00,-5.58856504e+00,-5.13150495e+00,-5.48245878e+00,-4.95443473e+00,-4.96998350e+00,-5.16569917e+00,-4.79773297e+00,-5.57113734e+00,-4.51417807e+00,-4.57009800e+00,-5.03305882e+00,-5.18057906e+00,-4.93475751e+00,-5.07716696e+00,-5.10604754e+00,-4.41770550e+00,-4.60695998e+00,-4.45481251e+00,-4.97981414e+00,-4.60714928e+00,-4.65641356e+00,-4.53920760e+00,-5.42472260e+00,-4.87590018e+00,-4.77648731e+00,-4.49530537e+00,-4.81807373e+00,-5.34637485e+00,-6.07253791e+00,-4.94201753e+00,-5.01791084e+00,-4.96082180e+00,-4.43988501e+00,-4.95174041e+00,-4.79485096e+00,-4.87832056e+00,-5.11401254e+00,-4.58790048e+00,-4.17568757e+00,-5.30377432e+00,-4.33878069e+00,-4.38891744e+00,-4.19724770e+00,-5.10537377e+00,-3.96958474e+00,-5.04487345e+00,-5.59404035e+00,-4.80449599e+00,-4.79069759e+00,-8.05811703e+00,-4.83103211e+00,-4.71395427e+00,-4.48480756e+00,-5.39114273e+00,-4.97512182e+00,-2.70875121e+00,-2.97950965e+00,-2.69118320e+00,-5.73073356e+00,-5.04547509e+00,-4.99061347e+00,-2.82083525e+00,-5.47421927e+00,-3.28814057e+00,-2.79927497e+00,-3.13934113e+00,-3.21941070e+00,-3.23857248e+00,-3.40336584e+00,-3.18089422e+00,-3.34141853e+00,2.95194997e+00
-4.45254902e+00,-4.68456597e+00,-4.84018887e+00,-4.83447363e+00,-5.01017166e+00,-5.62708230e+00,-5.20678318e+00,-4.84480089e+00,-4.84876940e+00,-5.33436128e+00,-4.92198165e+00,-4.89900834e+00,-4.94964622e+00,-5.15193659e+00,-4.79084841e+00,-4.98619373e+00,-5.17635355e+00,-5.71502823e+00,-5.42841208e+00,-5.20114998e+00,-5.53803353e+00,-5.22932943e+00,-4.81246870e+00,-4.91529103e+00,-5.06237674e+00,-5.02802872e+00,-4.78026328e+00,-4.81549159e+00,-4.93952695e+00,-4.50212521e+00,-4.80650100e+00,-4.82509113e+00,-5.31613963e+00,-5.28792058e+00,-5.59909701e+00,-5.78966385e+00,-5.38813880e+00,-4.94118958e+00,-5.02715776e+00,-5.32433463e+00,-4.97121156e+00,-4.86140802e+00,-5.89545355e+00,-4.69620538e+00,-4.87116912e+00,-4.99403747e+00,-5.20741288e+00,-5.39774723e+00,-5.95614305e+00,-5.25786272e+00,-5.41521816e+00,-4.61828387e+00,-6.09037898e+00,-4.55924691e+00,-4.78412941e+00,-5.17445474e+00,-4.71179717e+00,-5.32827590e+00,-5.31691979e+00,-5.93040475e+00,-5.82243486e+00,-6.04393278e+00,-5.29859190e+00,-5.12625417e+00,-5.72277708e+00,-5.84262258e+00,-5.85432482e+00,-5.37512455e+00,-5.07490738e+00,-5.30616205e+00,-6.49697014e+00,-6.48590663e+00,-5.38438584e+00,-4.91130115e+00,-4.38179784e+00,-4.98513943e+00,-5.26679355e+00,-4.80353255e+00,-4.72299626e+00,-4.35474241e+00,-4.64047851e+00,-5.57171619e+00,-5.14925697e+00,-5.50762218e+00,-4.92134309e+00,-4.99089566e+00,-5.24207208e+00,-4.86415187e+00,-5.60028568e+00,-4.54218836e+00,-4.65764354e+00,-5.00930966e+00,-5.19422609e+00,-4.90407659e+00,-5.03260482e+00,-5.03172455e+00,-4.43078112e+00,-4.60470410e+00,-4.44207653e+00,-5.03461365e+00,-4.61908458e+00,-4.64970596e+00,-4.54163670e+00,-5.40561431e+00,-4.89916043e+00,-4.80992073e+00,-4.57640075e+00,-4.89843522e+00,-5.31333326e+00,-6.08954588e+00,-4.91971668e+00,-5.13478779e+00,-5.05680550e+00,-4.46461231e+00,-5.00902000e+00,-4.83732559e+00,-5.02487507e+00,-5.26885665e+00,-4.74699885e+00,-4.31315780e+00,-5.49169687e+00,-4.41579097e+00,-4.48626437e+00,-4.33140226e+00,-5.23464574e+00,-4.12306203e+00,-5.06988342e+00,-5.65072899e+00,-4.84156501e+00,-4.85427528e+00,-7.85043628e+00,-4.91045651e+00,-4.72132404e+00,-4.63081084e+00,-5.51310074e+00,-5.12999219e+00,-2.82500929e+00,-2.99485418e+00,-2.78370806e+00,-5.44721545e+00,-5.21896771e+00,-5.17329824e+00,-2.84900743e+00,-5.55031944e+00,-2.96685664e+00,-2.94037731e+00,-3.31265307e+00,-3.35959647e+00,-2.93431968e+00,-3.50593058e+00,-3.23723895e+00,-2.98825382e+00,2.91428693e+00
-4.46442373e+00,-4.74030377e+00,-4.84732390e+00,-4.87451072e+00,-5.05712120e+00,-5.71851019e+00,-5.22282162e+00,-4.93086741e+00,-4.88900751e+00,-5.36515931e+00,-4.88867194e+00,-4.91267094e+00,-4.97985061e+00,-5.16161059e+00,-4.78753464e+00,-5.02051749e+00,-5.25681188e+00,-5.77480448e+00,-5.46603497e+00,-5.23936683e+00,-5.57480137e+00,-5.29377953e+00,-4.88633228e+00,-4.92062051e+00,-5.08402217e+00,-5.01667901e+00,-4.77630356e+00,-4.85131315e+00,-4.97674477e+00,-4.53936417e+00,-4.80578299e+00,-4.86354453e+00,-5.35673382e+00,-5.28956383e+00,-5.61745359e+00,-5.76498676e+00,-5.44783574e+00,-4.94533751e+00,-5.03329810e+00,-5.28171138e+00,-4.96443872e+00,-4.85069000e+00,-5.89065962e+00,-4.69207603e+00,-4.85152528e+00,-5.00552823e+00,-5.20728208e+00,-5.37575698e+00,-5.98050763e+00,-5.26317399e+00,-5.44327770e+00,-4.63649227e+00,-6.04282194e+00,-4.55288401e+00,-4.77696803e+00,-5.14381650e+00,-4.67146409e+00,-5.28453585e+00,-5.37698410e+00,-5.95795899e+00,-5.85760787e+00,-6.15088198e+00,-5.33768078e+00,-5.16540367e+00,-5.79746449e+00,-5.87538634e+00,-5.80247749e+00,-5.34224510e+00,-5.07744702e+00,-5.30926136e+00,-6.52472003e+00,-6.55561687e+00,-5.38043953e+00,-4.92304518e+00,-4.41957480e+00,-5.01891688e+00,-5.25806621e+00,-4.81970296e+00,-4.74206791e+00,-4.41614007e+00,-4.64128448e+00,-5.55049399e+00,-5.13901652e+00,-5.47623568e+00,-4.95413872e+00,-4.95232547e+00,-5.20404556e+00,-4.85900627e+00,-5.57118219e+00,-4.54061938e+00,-4.61721584e+00,-5.03318892e+00,-5.18369430e+00,-4.93238989e+00,-5.04716972e+00,-5.11461308e+00,-4.44985840e+00,-4.64494979e+00,-4.46542690e+00,-5.01199724e+00,-4.63110743e+00,-4.64939342e+00,-4.53767795e+00,-5.42291311e+00,-4.91264518e+00,-4.82679110e+00,-4.56556015e+00,-4.88706765e+00,-5.30866212e+00,-6.03744371e+00,-4.92979099e+00,-5.06787493e+00,-4.99302226e+00,-4.50245800e+00,-4.99982026e+00,-4.82021528e+00,-4.92414771e+00,-5.20164072e+00,-4.68676845e+00,-4.28854733e+00,-5.41792360e+00,-4.39223819e+00,-4.46232734e+00,-4.29628082e+00,-5.21632792e+00,-4.07520751e+00,-5.05804143e+00,-5.63116901e+00,-4.83593444e+00,-4.84426031e+00,-7.99528054e+00,-4.90393056e+00,-4.75252790e+00,-4.57525934e+00,-5.49158543e+00,-5.05707585e+00,-2.80138105e+00,-3.06698396e+00,-2.79538318e+00,-5.68272781e+00,-5.09871669e+00,-5.05672096e+00,-2.86017626e+00,-5.52306357e+00,-3.58134856e+00,-2.90740366e+00,-3.22271396e+00,-3.29282088e+00,-3.47149612e+00,-3.40226612e+00,-3.24014413e+00,-3.62899435e+00,2.98687898e+00
-4.48363647e+00,-4.80218322e+00,-4.85764881e+00,-4.89139127e+00,-5.11138833e+00,-5.81149121e+00,-5.28119730e+00,-4.98175484e+00,-4.90068787e+00,-5.38312238e+00,-4.87890914e+00,-4.92004050e+00,-4.98790742e+00,-5.20214236e+00,-4.80922343e+00,-5.00299827e+00,-5.31309027e+00,-5.78156759e+00,-5.50188085e+00,-5.25099838e+00,-5.66925110e+00,-5.35793313e+00,-4.94511579e+00,-4.92838139e+00,-5.10826165e+00,-5.00741990e+00,-4.79007610e+00,-4.86499629e+00,-4.99825965e+00,-4.54036244e+00,-4.83400156e+00,-4.87863648e+00,-5.38082473e+00,-5.28778911e+00,-5.65394499e+00,-5.82478952e+00,-5.45292179e+00,-4.94461518e+00,-5.01373617e+00,-5.23648882e+00,-4.93912763e+00,-4.84342231e+00,-5.87611732e+00,-4.66009301e+00,-4.84429018e+00,-5.02853120e+00,-5.20368925e+00,-5.38687448e+00,-6.04191122e+00,-5.26915228e+00,-5.50690839e+00,-4.63467869e+00,-6.16302432e+00,-4.52080168e+00,-4.73988047e+00,-5.12751333e+00,-4.63649872e+00,-5.27360029e+00,-5.41578285e+00,-6.02961201e+00,-5.89222895e+00,-6.13451899e+00,-5.37147553e+00,-5.19693283e+00,-5.86452063e+00,-5.88862085e+00,-5.86037806e+00,-5.40206388e+00,-5.10796107e+00,-5.29230663e+00,-6.59429962e+00,-6.64443810e+00,-5.41190593e+00,-4.95160202e+00,-4.43545620e+00,-5.05867226e+00,-5.30984974e+00,-4.81869970e+00,-4.76823747e+00,-4.42658646e+00,-4.64298630e+00,-5.57088262e+00,-5.14115612e+00,-5.47035470e+00,-4.94421941e+00,-4.96339483e+00,-5.18929674e+00,-4.82695546e+00,-5.58554953e+00,-4.51897590e+00,-4.59713518e+00,-5.04079622e+00,-5.18194335e+00,-4.92205623e+00,-5.06557962e+00,-5.12915476e+00,-4.42568992e+00,-4.62596753e+00,-4.46852263e+00,-4.97947604e+00,-4.62610971e+00,-4.64666581e+00,-4.54524892e+00,-5.43347605e+00,-4.87741781e+00,-4.81159731e+00,-4.53041506e+00,-4.85661706e+00,-5.34816775e+00,-6.07398151e+00,-4.94801986e+00,-5.03163234e+00,-4.98750699e+00,-4.46968451e+00,-4.96628761e+00,-4.81254016e+00,-4.90666903e+00,-5.14784527e+00,-4.61661311e+00,-4.20132756e+00,-5.38382768e+00,-4.35411557e+00,-4.42162801e+00,-4.22556355e+00,-5.15005534e+00,-4.00696354e+00,-5.05378521e+00,-5.59104578e+00,-4.80311845e+00,-4.80721820e+00,-8.16043492e+00,-4.85497267e+00,-4.74477938e+00,-4.51121939e+00,-5.45068177e+00,-5.01924237e+00,-2.76601431e+00,-3.01721609e+00,-2.73684270e+00,-5.54804407e+00,-5.11701982e+00,-5.04552931e+00,-2.83611562e+00,-5.50413845e+00,-3.32616831e+00,-2.84474903e+00,-3.19988222e+00,-3.27681721e+00,-3.30723505e+00,-3.40545788e+00,-3.21068192e+00,-3.27507039e+00,2.94818728e+00
-4.52804249e+00,-4.78643059e+00,-4.89899843e+00,-4.87715643e+00,-5.09487737e+00,-5.76997206e+00,-5.27243201e+00,-4.94268214e+00,-4.91669216e+00,-5.34634389e+00,-4.88239135e+00,-4.89905241e+00,-4.97598614e+00,-5.18188822e+00,-4.75317844e+00,-4.99658723e+00,-5.29685729e+00,-5.75340348e+00,-5.54230539e+00,-5.24622576e+00,-5.70910596e+00,-5.31391054e+00,-4.90779841e+00,-4.98351882e+00,-5.10331472e+00,-5.01880607e+00,-4.74982008e+00,-4.86442075e+00,-5.02487109e+00,-4.50720415e+00,-4.83696595e+00,-4.87374598e+00,-5.41175409e+00,-5.25329121e+00,-5.66081898e+00,-5.79329464e+00,-5.40331229e+00,-4.96174445e+00,-5.03780514e+00,-5.31133578e+00,-4.98907756e+00,-4.82677918e+00,-5.85332329e+00,-4.69531956e+00,-4.87975690e+00,-5.03886559e+00,-5.25444556e+00,-5.39903611e+00,-6.03595053e+00,-5.24797934e+00,-5.45832062e+00,-4.57968150e+00,-5.83558903e+00,-4.51453100e+00,-4.76424758e+00,-5.11901980e+00,-4.66146265e+00,-5.28461609e+00,-5.44196640e+00,-6.02010576e+00,-5.89525230e+00,-6.12945293e+00,-5.36979241e+00,-5.17331433e+00,-5.77706987e+00,-5.93100117e+00,-5.94905321e+00,-5.44242388e+00,-5.04232832e+00,-5.39896652e+00,-6.64981991e+00,-6.66639315e+00,-5.45832409e+00,-4.95522233e+00,-4.43500917e+00,-5.01833722e+00,-5.22180291e+00,-4.80813852e+00,-4.75789618e+00,-4.33906674e+00,-4.66764138e+00,-5.60949024e+00,-5.12122784e+00,-5.52876342e+00,-4.94783330e+00,-4.98651476e+00,-5.21054027e+00,-4.82090159e+00,-5.55250000e+00,-4.52678771e+00,-4.60630153e+00,-5.02436811e+00,-5.17800268e+00,-4.94683245e+00,-5.08517546e+00,-4.99243328e+00,-4.41624441e+00,-4.59315162e+00,-4.44373861e+00,-5.06334282e+00,-4.59319245e+00,-4.63063341e+00,-4.53027391e+00,-5.45160577e+00,-4.95005164e+00,-4.79735499e+00,-4.49012179e+00,-4.82450776e+00,-5.34110536e+00,-6.09635684e+00,-4.89328107e+00,-5.07098455e+00,-4.96460775e+00,-4.40800921e+00,-4.97555629e+00,-4.83684498e+00,-4.92792784e+00,-5.25354898e+00,-4.70009290e+00,-4.26007214e+00,-5.39068204e+00,-4.38018271e+00,-4.44696648e+00,-4.29519618e+00,-5.17899671e+00,-4.04996265e+00,-5.03372275e+00,-5.63340496e+00,-4.84712690e+00,-4.78675600e+00,-7.73133711e+00,-4.88867025e+00,-4.70935141e+00,-4.59367524e+00,-5.45609743e+00,-5.05712060e+00,-2.76752565e+00,-2.95322659e+00,-2.73972907e+00,-5.71525346e+00,-5.07278118e+00,-5.04120650e+00,-2.82827958e+00,-5.51117382e+00,-3.11027223e+00,-2.90314072e+00,-3.22015771e+00,-3.27419652e+00,-2.91154988e+00,-3.44724655e+00,-3.22709520e+00,-3.37465613e+00,2.94794528e+00
-4.52076896e+00,-4.83705407e+00,-4.90615220e+00,-4.92510318e+00,-5.13806067e+00,-5.83117284e+00,-5.30037694e+00,-5.03350493e+00,-4.95269330e+00,-5.40692217e+00,-4.87911604e+00,-4.94108221e+00,-5.00747513e+00,-5.21882377e+00,-4.78881321e+00,-5.03580538e+00,-5.35532328e+00,-5.78510484e+00,-5.57225365e+00,-5.27669800e+00,-5.74377269e+00,-5.36229102e+00,-4.96690766e+00,-4.99783609e+00,-5.11984883e+00,-5.01972851e+00,-4.72965313e+00,-4.87105287e+00,-5.01886243e+00,-4.50595501e+00,-4.83116901e+00,-4.92111962e+00,-5.39323530e+00,-5.27717890e+00,-5.68222007e+00,-5.77218996e+00,-5.45577012e+00,-4.96194629e+00,-5.02663257e+00,-5.27748069e+00,-4.92246878e+00,-4.82607084e+00,-5.82967684e+00,-4.65264580e+00,-4.87272694e+00,-5.04604666e+00,-5.25418310e+00,-5.36813135e+00,-6.04533209e+00,-5.26874153e+00,-5.47015985e+00,-4.61153490e+00,-5.85744660e+00,-4.53656756e+00,-4.72900901e+00,-5.10574077e+00,-4.63510228e+00,-5.24894492e+00,-5.45027130e+00,-6.07421473e+00,-5.92623941e+00,-6.16347383e+00,-5.40864242e+00,-5.22592638e+00,-5.83440550e+00,-5.92117333e+00,-5.90227649e+00,-5.39669467e+00,-5.06287702e+00,-5.36638247e+00,-6.66577088e+00,-6.67251375e+00,-5.46875699e+00,-4.95226224e+00,-4.49985017e+00,-5.05984225e+00,-5.25004959e+00,-4.81588254e+00,-4.79665510e+00,-4.41360621e+00,-4.71630707e+00,-5.55420209e+00,-5.14739464e+00,-5.48325259e+00,-4.98149590e+00,-4.98059168e+00,-5.17737935e+00,-4.79063636e+00,-5.51190804e+00,-4.48276553e+00,-4.57667205e+00,-5.02433313e+00,-5.15983741e+00,-4.94456819e+00,-5.07324091e+00,-5.02737296e+00,-4.42371383e+00,-4.58481257e+00,-4.47551162e+00,-5.07520405e+00,-4.63458705e+00,-4.67115384e+00,-4.50138472e+00,-5.32526577e+00,-4.90290740e+00,-4.76634690e+00,-4.50025712e+00,-4.81759368e+00,-5.31700411e+00,-6.05533393e+00,-4.91396051e+00,-5.01712795e+00,-4.90593696e+00,-4.41674910e+00,-4.99271530e+00,-4.81783855e+00,-4.84799278e+00,-5.17572511e+00,-4.62439935e+00,-4.18483456e+00,-5.18829021e+00,-4.33699799e+00,-4.39275833e+00,-4.22500449e+00,-5.03813498e+00,-3.97220789e+00,-5.05316920e+00,-5.62225529e+00,-4.81177608e+00,-4.75652438e+00,-7.87576546e+00,-4.84621181e+00,-4.67243231e+00,-4.55236808e+00,-5.26783550e+00,-4.99370570e+00,-2.73478945e+00,-3.01287946e+00,-2.74089840e+00,-5.80059939e+00,-5.01482048e+00,-4.99770311e+00,-2.82073487e+00,-5.49005204e+00,-3.62839220e+00,-2.86162099e+00,-3.16848104e+00,-3.24108136e+00,-3.42689675e+00,-3.44996909e+00,-3.21423494e+00,-3.84004304e+00,2.95675861e+00
-4.47674852e+00,-4.82484470e+00,-4.86214362e+00,-4.91091942e+00,-5.14107262e+00,-5.85859645e+00,-5.30608112e+00,-5.03319874e+00,-4.93527252e+00,-5.42177076e+00,-4.88105473e+00,-4.92508308e+00,-5.01230764e+00,-5.22685415e+00,-4.80187385e+00,-5.02762683e+00,-5.38020824e+00,-5.82251129e+00,-5.51470946e+00,-5.27001058e+00,-5.72040002e+00,-5.38409519e+00,-4.99389617e+00,-4.95952608e+00,-5.13423426e+00,-5.02253191e+00,-4.78795826e+00,-4.90633349e+00,-5.01752176e+00,-4.55063477e+00,-4.84985802e+00,-4.90262893e+00,-5.40371892e+00,-5.29370815e+00,-5.68416106e+00,-5.82995474e+00,-5.51742278e+00,-4.95358418e+00,-5.01763716e+00,-5.22108400e+00,-4.92636009e+00,-4.82260831e+00,-5.86454686e+00,-4.63890711e+00,-4.83046493e+00,-5.02362041e+00,-5.20501449e+00,-5.35792921e+00,-6.08619786e+00,-5.28250104e+00,-5.55206460e+00,-4.63853225e+00,-6.13346823e+00,-4.51422836e+00,-4.72198383e+00,-5.11231565e+00,-4.60474252e+00,-5.25729418e+00,-5.46975835e+00,-6.08897960e+00,-5.94355555e+00,-6.20024126e+00,-5.40199511e+00,-5.22493450e+00,-5.91035982e+00,-5.91085038e+00,-5.83579747e+00,-5.37969720e+00,-5.10523465e+00,-5.28956441e+00,-6.65270284e+00,-6.75026332e+00,-5.42445408e+00,-4.94173364e+00,-4.45056890e+00,-5.09780174e+00,-5.30971375e+00,-4.80156453e+00,-4.79075909e+00,-4.46034738e+00,-4.65349163e+00,-5.57562465e+00,-5.15561364e+00,-5.42872812e+00,-4.97114146e+00,-4.95204809e+00,-5.18376884e+00,-4.81772351e+00,-5.54029476e+00,-4.48812984e+00,-4.56056551e+00,-5.06015017e+00,-5.18989839e+00,-4.93124468e+00,-5.07241314e+00,-5.16677994e+00,-4.43500673e+00,-4.63698221e+00,-4.48980233e+00,-4.99838658e+00,-4.65466923e+00,-4.64890026e+00,-4.54842627e+00,-5.44344912e+00,-4.88339021e+00,-4.81176873e+00,-4.51946932e+00,-4.85660624e+00,-5.33693235e+00,-6.04772275e+00,-4.96046857e+00,-4.98862536e+00,-4.92425216e+00,-4.48583298e+00,-4.98048643e+00,-4.80434568e+00,-4.83788721e+00,-5.11478116e+00,-4.56421293e+00,-4.15435866e+00,-5.30868215e+00,-4.30675500e+00,-4.38738805e+00,-4.16835404e+00,-5.08468975e+00,-3.94489870e+00,-5.05340664e+00,-5.60308118e+00,-4.78223695e+00,-4.78435715e+00,-8.30006388e+00,-4.85152654e+00,-4.74923562e+00,-4.47382418e+00,-5.39154188e+00,-4.97897488e+00,-2.69845587e+00,-3.04257006e+00,-2.71513263e+00,-5.74268936e+00,-4.94159052e+00,-4.88549527e+00,-2.79846833e+00,-5.41753908e+00,-3.74704963e+00,-2.75518882e+00,-3.07475607e+00,-3.17101215e+00,-3.67931562e+00,-3.30897719e+00,-3.19697426e+00,-3.69747076e+00,2.98782787e+00
-4.53031807e+00,-4.84165279e+00,-4.89671355e+00,-4.91752224e+00,-5.14766651e+00,-5.85121472e+00,-5.29654031e+00,-5.00652734e+00,-4.93886008e+00,-5.38769665e+00,-4.85769935e+00,-4.91692975e+00,-5.00823375e+00,-5.21988857e+00,-4.79077694e+00,-5.01221601e+00,-5.35558388e+00,-5.81667798e+00,-5.56628135e+00,-5.25921123e+00,-5.74681696e+00,-5.37243710e+00,-4.95978565e+00,-4.97702560e+00,-5.12227310e+00,-5.00613864e+00,-4.75508313e+00,-4.86818508e+00,-5.02478672e+00,-4.51242252e+00,-4.82743005e+00,-4.90965353e+00,-5.42097442e+00,-5.28035840e+00,-5.68886825e+00,-5.81222096e+00,-5.43163077e+00,-4.95790906e+00,-5.01578683e+00,-5.24762852e+00,-4.92698039e+00,-4.83439756e+00,-5.85809378e+00,-4.65381767e+00,-4.84778193e+00,-5.05733434e+00,-5.23844621e+00,-5.39569232e+00,-6.07170925e+00,-5.26301012e+00,-5.49663204e+00,-4.60753233e+00,-5.96608912e+00,-4.50895256e+00,-4.72865592e+00,-5.10912577e+00,-4.62400895e+00,-5.25292370e+00,-5.46723086e+00,-6.05633514e+00,-5.93353638e+00,-6.17916029e+00,-5.41139950e+00,-5.21259898e+00,-5.87707243e+00,-5.91598739e+00,-5.91964724e+00,-5.42911260e+00,-5.07248330e+00,-5.34416723e+00,-6.68493559e+00,-6.70913692e+00,-5.45140949e+00,-4.97383011e+00,-4.47171784e+00,-5.05744245e+00,-5.26216159e+00,-4.82831963e+00,-4.78584937e+00,-4.39382299e+00,-4.67606659e+00,-5.58050926e+00,-5.12749678e+00,-5.49993128e+00,-4.95993776e+00,-4.97735386e+00,-5.16878749e+00,-4.79435253e+00,-5.57688197e+00,-4.49659566e+00,-4.57524081e+00,-5.02801747e+00,-5.16196473e+00,-4.94582148e+00,-5.08138366e+00,-5.05508791e+00,-4.40431308e+00,-4.58927451e+00,-4.45033994e+00,-5.01228461e+00,-4.60597353e+00,-4.64867770e+00,-4.52114481e+00,-5.37239064e+00,-4.90211757e+00,-4.78836673e+00,-4.48454138e+00,-4.81229117e+00,-5.34727770e+00,-6.07649674e+00,-4.92443484e+00,-5.02123355e+00,-4.94337426e+00,-4.41521536e+00,-4.94881214e+00,-4.81611311e+00,-4.87379549e+00,-5.16227525e+00,-4.60598103e+00,-4.17743397e+00,-5.28260519e+00,-4.34789053e+00,-4.40010627e+00,-4.21870292e+00,-5.09728526e+00,-3.97367865e+00,-5.03697685e+00,-5.59530609e+00,-4.80515413e+00,-4.76711740e+00,-7.99399991e+00,-4.83747467e+00,-4.70453921e+00,-4.51311901e+00,-5.36495876e+00,-4.97537210e+00,-2.78307494e+00,-3.00902456e+00,-2.75838645e+00,-5.64102470e+00,-5.11928817e+00,-5.06758461e+00,-2.85656014e+00,-5.54010770e+00,-3.39056644e+00,-2.89656107e+00,-3.24195745e+00,-3.28256273e+00,-3.25032033e+00,-3.44478506e+00,-3.22062544e+00,-3.50658710e+00,2.95062124e+00
-4.47044720e+00,-4.79317165e+00,-4.84806952e+00,-4.88562480e+00,-5.10294882e+00,-5.80040865e+00,-5.29371154e+00,-4.98416210e+00,-4.88430444e+00,-5.40278918e+00,-4.86547348e+00,-4.90129550e+00,-4.99819701e+00,-5.22885193e+00,-4.79682926e+00,-4.99688729e+00,-5.31003109e+00,-5.75956684e+00,-5.48284438e+00,-5.24994939e+00,-5.69552025e+00,-5.34644650e+00,-4.94630753e+00,-4.94621699e+00,-5.11514426e+00,-5.01778119e+00,-4.78662518e+00,-4.87663037e+00,-4.99612906e+00,-4.54787330e+00,-4.83923539e+00,-4.87887797e+00,-5.38281449e+00,-5.25111642e+00,-5.68100152e+00,-5.84811142e+00,-5.46524522e+00,-4.93946976e+00,-5.01398631e+00,-5.21885545e+00,-4.95123417e+00,-4.85195405e+00,-5.85245841e+00,-4.67254862e+00,-4.84894820e+00,-5.02518446e+00,-5.22293743e+00,-5.38886133e+00,-6.05816084e+00,-5.29611623e+00,-5.53019147e+00,-4.63360956e+00,-6.09489591e+00,-4.50928618e+00,-4.76067526e+00,-5.12870936e+00,-4.62691146e+00,-5.24706593e+00,-5.42187009e+00,-6.04686994e+00,-5.88947631e+00,-6.12119330e+00,-5.36789670e+00,-5.17541376e+00,-5.81559848e+00,-5.87643569e+00,-5.88223551e+00,-5.41202521e+00,-5.10698884e+00,-5.31446934e+00,-6.63934016e+00,-6.61746054e+00,-5.44129067e+00,-4.94640143e+00,-4.42209122e+00,-5.05957618e+00,-5.30320663e+00,-4.80933150e+00,-4.76877174e+00,-4.42015207e+00,-4.63638872e+00,-5.57876623e+00,-5.13951780e+00,-5.48192296e+00,-4.94036032e+00,-4.97517484e+00,-5.19518974e+00,-4.84264027e+00,-5.56097881e+00,-4.53992737e+00,-4.59212627e+00,-5.04138913e+00,-5.17982149e+00,-4.93168097e+00,-5.07030534e+00,-5.11959801e+00,-4.42691202e+00,-4.63908490e+00,-4.46107400e+00,-4.96959018e+00,-4.61304814e+00,-4.65580758e+00,-4.55731400e+00,-5.45682840e+00,-4.89041582e+00,-4.81480439e+00,-4.52062456e+00,-4.83137298e+00,-5.35863193e+00,-6.08487459e+00,-4.95393347e+00,-5.04040411e+00,-4.98302129e+00,-4.46416440e+00,-4.97035993e+00,-4.80897705e+00,-4.89175488e+00,-5.11800329e+00,-4.61858055e+00,-4.21294622e+00,-5.38634433e+00,-4.36772605e+00,-4.43711113e+00,-4.23909295e+00,-5.17264265e+00,-4.00836898e+00,-5.03554748e+00,-5.60049647e+00,-4.81338246e+00,-4.80694642e+00,-8.13334769e+00,-4.87589363e+00,-4.75806087e+00,-4.49605056e+00,-5.48412665e+00,-4.99232794e+00,-2.79046431e+00,-3.02154821e+00,-2.77504962e+00,-5.61133680e+00,-5.13764896e+00,-5.06779749e+00,-2.86119585e+00,-5.55088026e+00,-3.36002100e+00,-2.89714777e+00,-3.24376722e+00,-3.30012275e+00,-3.31289471e+00,-3.44761664e+00,-3.26190049e+00,-3.38410727e+00,2.95075116e+00
-4.46908222e+00,-4.76973654e+00,-4.86767972e+00,-4.88376277e+00,-5.09754696e+00,-5.76899219e+00,-5.26967047e+00,-4.95792284e+00,-4.91304042e+00,-5.38912301e+00,-4.89399418e+00,-4.91663233e+00,-4.98529674e+00,-5.20293950e+00,-4.79399769e+00,-5.01328259e+00,-5.30263449e+00,-5.77705045e+00,-5.50104194e+00,-5.24948732e+00,-5.67111246e+00,-5.31794958e+00,-4.92764497e+00,-4.94900911e+00,-5.10389564e+00,-5.01946727e+00,-4.77450909e+00,-4.86182746e+00,-4.99373815e+00,-4.52077086e+00,-4.83156324e+00,-4.88051106e+00,-5.38817618e+00,-5.29298437e+00,-5.67686498e+00,-5.81638365e+00,-5.46473454e+00,-4.95115530e+00,-5.02480695e+00,-5.27012653e+00,-4.94971285e+00,-4.83457327e+00,-5.87305834e+00,-4.67165299e+00,-4.85791539e+00,-5.01764161e+00,-5.22146808e+00,-5.37456722e+00,-6.04565290e+00,-5.27457353e+00,-5.50670080e+00,-4.61876431e+00,-6.06451721e+00,-4.53387052e+00,-4.75133842e+00,-5.12670464e+00,-4.64838126e+00,-5.28475372e+00,-5.41699301e+00,-6.03373132e+00,-5.91922644e+00,-6.14136808e+00,-5.36534905e+00,-5.18846149e+00,-5.84590733e+00,-5.89254414e+00,-5.88239306e+00,-5.39307600e+00,-5.09664387e+00,-5.32953688e+00,-6.60986773e+00,-6.66521908e+00,-5.43570782e+00,-4.93191867e+00,-4.42855239e+00,-5.04592419e+00,-5.27563363e+00,-4.79743543e+00,-4.76712416e+00,-4.40592024e+00,-4.65817822e+00,-5.58315397e+00,-5.14691818e+00,-5.46662144e+00,-4.95452816e+00,-4.97179608e+00,-5.20253283e+00,-4.82469613e+00,-5.55520453e+00,-4.50847707e+00,-4.59389425e+00,-5.03937638e+00,-5.18792228e+00,-4.92669182e+00,-5.06565513e+00,-5.08827489e+00,-4.42769823e+00,-4.61728210e+00,-4.46952097e+00,-5.01819322e+00,-4.63977266e+00,-4.64831305e+00,-4.53197173e+00,-5.42269930e+00,-4.89680567e+00,-4.81002002e+00,-4.52632513e+00,-4.85864369e+00,-5.34410923e+00,-6.08553416e+00,-4.93177480e+00,-5.03924111e+00,-4.96854970e+00,-4.46077281e+00,-4.98778652e+00,-4.82145923e+00,-4.89983355e+00,-5.17722864e+00,-4.63760280e+00,-4.21012104e+00,-5.35909096e+00,-4.35013069e+00,-4.42593343e+00,-4.23328551e+00,-5.13623224e+00,-4.00862364e+00,-5.05257077e+00,-5.62452043e+00,-4.81267544e+00,-4.80487232e+00,-8.07984354e+00,-4.87362844e+00,-4.73053782e+00,-4.53704380e+00,-5.43110114e+00,-5.02757908e+00,-2.72400480e+00,-3.01874726e+00,-2.72566327e+00,-5.70337157e+00,-5.01316779e+00,-4.96221207e+00,-2.80814144e+00,-5.45555195e+00,-3.42069429e+00,-2.82321607e+00,-3.15019786e+00,-3.20892850e+00,-3.33121128e+00,-3.37161609e+00,-3.22357951e+00,-3.46499111e+00,2.96087528e+00
-4.52210876e+00,-4.82145749e+00,-4.89838033e+00,-4.91877788e+00,-5.11491426e+00,-5.82723378e+00,-5.29502619e+00,-5.01055097e+00,-4.93213694e+00,-5.38055322e+00,-4.87681967e+00,-4.92762236e+00,-5.00246162e+00,-5.19838229e+00,-4.78788601e+00,-5.03582398e+00,-5.32394587e+00,-5.76014101e+00,-5.54134489e+00,-5.26001518e+00,-5.69634159e+00,-5.36497599e+00,-4.96246142e+00,-4.97783715e+00,-5.12374038e+00,-5.02183163e+00,-4.76427887e+00,-4.88696306e+00,-5.02523316e+00,-4.52690933e+00,-4.83896139e+00,-4.89902541e+00,-5.40110635e+00,-5.28513731e+00,-5.65768853e+00,-5.78676999e+00,-5.45288701e+00,-4.95507720e+00,-5.03081311e+00,-5.26611645e+00,-4.94900181e+00,-4.83151050e+00,-5.82523296e+00,-4.66508143e+00,-4.86460983e+00,-5.04437154e+00,-5.23760600e+00,-5.38325828e+00,-6.03202670e+00,-5.25870852e+00,-5.48115891e+00,-4.61100953e+00,-5.94070682e+00,-4.52784529e+00,-4.73699660e+00,-5.12128495e+00,-4.64173173e+00,-5.27684732e+00,-5.45256014e+00,-6.04691017e+00,-5.93068042e+00,-6.12267817e+00,-5.38541114e+00,-5.20194256e+00,-5.86541384e+00,-5.92973233e+00,-5.88569285e+00,-5.41067788e+00,-5.06908009e+00,-5.35204827e+00,-6.63337601e+00,-6.69481875e+00,-5.45500454e+00,-4.96642307e+00,-4.47121349e+00,-5.06355591e+00,-5.26470158e+00,-4.81604996e+00,-4.78118122e+00,-4.41018971e+00,-4.67615714e+00,-5.60035729e+00,-5.14614096e+00,-5.48651000e+00,-4.97121334e+00,-4.96498960e+00,-5.19211306e+00,-4.80753643e+00,-5.54599361e+00,-4.50024822e+00,-4.58447910e+00,-5.04336470e+00,-5.18714982e+00,-4.95169370e+00,-5.06923387e+00,-5.06407209e+00,-4.42759904e+00,-4.60183957e+00,-4.46579611e+00,-5.03933159e+00,-4.61901861e+00,-4.64777319e+00,-4.53156345e+00,-5.41390930e+00,-4.90486854e+00,-4.78926305e+00,-4.50183194e+00,-4.84048445e+00,-5.33672658e+00,-6.05595841e+00,-4.92510977e+00,-5.01805544e+00,-4.93340686e+00,-4.43815082e+00,-4.97716619e+00,-4.80455123e+00,-4.88013091e+00,-5.19055801e+00,-4.62965868e+00,-4.19914200e+00,-5.29337743e+00,-4.34269697e+00,-4.40686836e+00,-4.22430387e+00,-5.09538708e+00,-3.98871030e+00,-5.04542098e+00,-5.62934748e+00,-4.81878998e+00,-4.77863919e+00,-7.98893280e+00,-4.86252692e+00,-4.70123981e+00,-4.54240707e+00,-5.34780299e+00,-5.01222993e+00,-2.72224431e+00,-2.99104218e+00,-2.71479982e+00,-5.74791200e+00,-5.02268082e+00,-4.97682661e+00,-2.80897865e+00,-5.47507220e+00,-3.46325272e+00,-2.83342217e+00,-3.13127557e+00,-3.21265647e+00,-3.33287654e+00,-3.37353286e+00,-3.18096771e+00,-3.61773655e+00,2.96141265e+00
-4.47669079e+00,-4.77566624e+00,-4.87116079e+00,-4.89169438e+00,-5.08348258e+00,-5.77798458e+00,-5.27188712e+00,-4.98123615e+00,-4.90053448e+00,-5.37683210e+00,-4.87745890e+00,-4.92298087e+00,-4.99201047e+00,-5.19584373e+00,-4.77414467e+00,-5.02771579e+00,-5.30185304e+00,-5.73887349e+00,-5.51457446e+00,-5.25312042e+00,-5.67614705e+00,-5.33192915e+00,-4.93304243e+00,-4.96820639e+00,-5.10045121e+00,-5.02141147e+00,-4.75663826e+00,-4.87904792e+00,-5.00243789e+00,-4.52744441e+00,-4.82570503e+00,-4.87836382e+00,-5.38631631e+00,-5.24959335e+00,-5.65290432e+00,-5.78803993e+00,-5.44989792e+00,-4.94683686e+00,-5.03600636e+00,-5.27464726e+00,-4.97223796e+00,-4.84112147e+00,-5.85534532e+00,-4.69841341e+00,-4.87897300e+00,-5.02608570e+00,-5.24429407e+00,-5.38659681e+00,-6.03368006e+00,-5.26867642e+00,-5.46542198e+00,-4.61565047e+00,-5.89834881e+00,-4.53159931e+00,-4.77047314e+00,-5.12355100e+00,-4.65132417e+00,-5.26690359e+00,-5.42108116e+00,-6.04291082e+00,-5.90897228e+00,-6.13046250e+00,-5.36769463e+00,-5.17353849e+00,-5.79372845e+00,-5.91327057e+00,-5.89489586e+00,-5.38778324e+00,-5.07409935e+00,-5.37093319e+00,-6.63004244e+00,-6.63515815e+00,-5.45066318e+00,-4.93596336e+00,-4.43962118e+00,-5.04273662e+00,-5.25587643e+00,-4.81211732e+00,-4.76406574e+00,-4.39990409e+00,-4.66144752e+00,-5.58373099e+00,-5.14594379e+00,-5.49722964e+00,-4.95847486e+00,-4.96662045e+00,-5.20396648e+00,-4.83704023e+00,-5.52685282e+00,-4.52896865e+00,-4.60001654e+00,-5.03987814e+00,-5.18503250e+00,-4.94670939e+00,-5.06082710e+00,-5.05459495e+00,-4.43427211e+00,-4.62354832e+00,-4.46223414e+00,-5.03287607e+00,-4.61442510e+00,-4.64931202e+00,-4.53497160e+00,-5.41533349e+00,-4.92422549e+00,-4.81048601e+00,-4.51955074e+00,-4.83642119e+00,-5.33518551e+00,-6.06490963e+00,-4.92920812e+00,-5.04243335e+00,-4.94580181e+00,-4.44882256e+00,-4.99234091e+00,-4.81298714e+00,-4.88761060e+00,-5.18919882e+00,-4.66488186e+00,-4.24529196e+00,-5.32969863e+00,-4.37486636e+00,-4.44812958e+00,-4.27161950e+00,-5.15385040e+00,-4.02568267e+00,-5.04127359e+00,-5.61914385e+00,-4.83408887e+00,-4.79543995e+00,-7.93176881e+00,-4.89267111e+00,-4.72139069e+00,-4.55357186e+00,-5.40947384e+00,-5.01559853e+00,-2.77640279e+00,-3.00622778e+00,-2.76868125e+00,-5.73596733e+00,-5.05477839e+00,-5.01697028e+00,-2.84747189e+00,-5.51844565e+00,-3.55671917e+00,-2.89192712e+00,-3.18297633e+00,-3.26477228e+00,-3.36992033e+00,-3.44289461e+00,-3.22521463e+00,-3.72150061e+00,2.95903846e+00
-4.49399353e+00,-4.80161966e+00,-4.87145673e+00,-4.89803368e+00,-5.10893592e+00,-5.79707566e+00,-5.28459210e+00,-4.98982998e+00,-4.90608529e+00,-5.38948557e+00,-4.87984061e+00,-4.92385221e+00,-4.99554014e+00,-5.20879733e+00,-4.79460525e+00,-5.00956523e+00,-5.31735641e+00,-5.77344421e+00,-5.51980837e+00,-5.26094488e+00,-5.69477423e+00,-5.34339268e+00,-4.93715309e+00,-4.96284590e+00,-5.11278721e+00,-5.01921453e+00,-4.76844566e+00,-4.86814155e+00,-4.99970172e+00,-4.52947528e+00,-4.83256588e+00,-4.88800569e+00,-5.37587640e+00,-5.26729579e+00,-5.66314511e+00,-5.79816628e+00,-5.45682777e+00,-4.94805432e+00,-5.02071665e+00,-5.25879053e+00,-4.94669421e+00,-4.84725344e+00,-5.85412320e+00,-4.66415624e+00,-4.85997767e+00,-5.02491314e+00,-5.23411494e+00,-5.37572784e+00,-6.04537083e+00,-5.27920282e+00,-5.48199665e+00,-4.62755184e+00,-6.01297855e+00,-4.52978418e+00,-4.74856085e+00,-5.11926786e+00,-4.63813827e+00,-5.25490103e+00,-5.42105634e+00,-6.04578808e+00,-5.88753715e+00,-6.14228268e+00,-5.38065064e+00,-5.20048207e+00,-5.81595679e+00,-5.90453203e+00,-5.87332901e+00,-5.39213952e+00,-5.08762632e+00,-5.32563418e+00,-6.62836384e+00,-6.62456496e+00,-5.43423879e+00,-4.94451479e+00,-4.45343253e+00,-5.05196117e+00,-5.27679924e+00,-4.81238086e+00,-4.77781119e+00,-4.41362053e+00,-4.66928299e+00,-5.56092727e+00,-5.14789176e+00,-5.48502514e+00,-4.95637396e+00,-4.97145356e+00,-5.19035080e+00,-4.82943764e+00,-5.54346608e+00,-4.51553244e+00,-4.59583030e+00,-5.03667635e+00,-5.17364443e+00,-4.93454953e+00,-5.06382137e+00,-5.08095095e+00,-4.42549091e+00,-4.61834129e+00,-4.46835383e+00,-5.02236782e+00,-4.62549325e+00,-4.65971646e+00,-4.53410455e+00,-5.39477135e+00,-4.89408467e+00,-4.79595128e+00,-4.52613814e+00,-4.83916781e+00,-5.33948336e+00,-6.05497702e+00,-4.93287707e+00,-5.03749472e+00,-4.95659939e+00,-4.45163195e+00,-4.98968795e+00,-4.80940997e+00,-4.88211060e+00,-5.16238067e+00,-4.63556937e+00,-4.21332739e+00,-5.32168820e+00,-4.36060669e+00,-4.42594333e+00,-4.24177819e+00,-5.11947619e+00,-4.00512925e+00,-5.04372107e+00,-5.61903287e+00,-4.81860419e+00,-4.79243020e+00,-8.00921981e+00,-4.86664696e+00,-4.72148855e+00,-4.53509597e+00,-5.39514738e+00,-5.01357461e+00,-2.77476979e+00,-3.01853331e+00,-2.76042426e+00,-5.69009533e+00,-5.09076124e+00,-5.05616019e+00,-2.83918095e+00,-5.52550719e+00,-3.46213584e+00,-2.87524612e+00,-3.20560245e+00,-3.29040570e+00,-3.38094582e+00,-3.44066148e+00,-3.23686061e+00,-3.56493592e+00,2.95784910e+00
